"","V1","V2","V3","V4","V5","V6","V7","V8","V9","V10","V11","V12","V13","V14","V15","V16","V17","V18","V19","V20","V21","V22","V23","V24","V25","V26","V27","V28","V29","V30","V31","V32","V33","V34","V35"
"1",11025010,NA,NA,NA,NA,NA,NA,NA,NA,NA,NA,NA,NA,NA,NA,NA,NA,180.38,1390,1497.92888888889,1454.66,1485.08965517241,1492.58,1528.34847038019,1496.11731800766,1357.43103448276,1362.5,1534.22,1515.84344827586,1382.78428571429,1326.38428571429,1271.34413793103,1453.08197044335,1512.08,NA
"2",11035010,NA,NA,NA,NA,NA,NA,NA,NA,NA,NA,NA,NA,NA,NA,NA,NA,461.142962962963,3354.24896551724,3416.18955665025,3635.80769230769,3329.42,431.74,3413.40137931034,3167.4,2638.94,204.56,2649.89071428571,3225.34,3449.3,316.98,2949.2,3644.75,3844.9,NA
"3",11035020,NA,NA,NA,NA,NA,NA,NA,NA,NA,NA,NA,NA,NA,NA,NA,NA,441.36,3428.86250136836,3176.73230769231,3025.12444444444,3060.38229064039,2829.72,3388.47010989011,3175.71530870279,2928.25664835165,3118.77552490421,3200.78428571429,3256.30285714286,2898.96,3049.59642857143,3007.08888888889,NA,NA,NA
"4",11045010,NA,NA,NA,NA,NA,NA,NA,NA,NA,NA,NA,NA,NA,NA,NA,NA,464.48,3484.24,3577.14,3635.94,3636.56,3542.42,3652.24,3636.22,3536.44,3554.04,3636.24,3598.44,3526.36,3536.94,3513.14,3603.44,3693.76,NA
"5",11075010,NA,NA,NA,NA,NA,NA,NA,NA,NA,NA,NA,NA,NA,NA,NA,NA,151.4,1114.18103743,1322.20653088291,1078.82,1106.05925925926,1362.7275862069,1529.92,1559.1,1401.9275862069,1246.03448275862,1502.27299692645,1214.31555555556,NA,NA,NA,NA,NA,NA
"6",11075020,NA,NA,NA,NA,NA,NA,NA,NA,NA,NA,NA,NA,NA,NA,NA,NA,172.4,1569.47754789272,1579.81300492611,1614.86571428571,1676.46,1663.68,1712.34,1661.01310344828,1596.26,1526.84,1652.56285714286,1697.62,NA,192.26,1388.91714285714,NA,NA,NA
"7",11115020,NA,NA,NA,NA,NA,NA,NA,NA,NA,NA,NA,NA,NA,NA,NA,NA,309.18,317.96,2482.54,2445.98,2489.29571428571,2467.7,2486.4,2495.73793103448,2314.59995073892,2306.91034482759,2792.36775041051,2185.29928571429,2164.80142857143,2038.11571428571,328.16,2407.70666666667,2413.14,NA
"8",11115040,NA,NA,NA,NA,NA,NA,NA,NA,NA,NA,NA,NA,NA,NA,NA,NA,270.48,2043.5,2139.8,2174.24,2158.34,2126.8,2150.59,2058.14,2081.42899470899,1997.82689655172,2122.33111111111,2249.66,2166.3875862069,2268.68637931034,2307.93538461538,2379.24,2472.06,NA
"9",11135010,NA,NA,NA,NA,NA,NA,NA,NA,NA,NA,NA,NA,NA,NA,NA,NA,396.6,3393.48551724138,489.328,3740.59,3039.17269293925,249.9,NA,NA,NA,NA,NA,NA,NA,NA,NA,NA,NA,NA
"10",12015010,NA,NA,NA,NA,NA,NA,NA,NA,NA,NA,NA,NA,NA,NA,NA,NA,NA,NA,NA,NA,NA,NA,NA,NA,NA,NA,474.836923076923,3423.32926108374,2855.58694033935,2942.10344827586,3160.14888888889,3415.10689655172,3380.04433497537,NA
"11",12015020,NA,NA,NA,NA,NA,NA,NA,NA,NA,NA,NA,NA,NA,NA,NA,NA,438.36,3467.768,3552.3656043956,3360.00372413793,3588.86615384615,3338.58,3467.54,3507.76571428571,3526.82,3465.98666666667,3575.22,3370.58,3548.86,3529.42068965517,3560.22,3653.14,3732.86,NA
"12",12015060,NA,NA,NA,NA,NA,NA,NA,NA,NA,NA,NA,NA,NA,NA,NA,NA,456.68,3446.74,3521.32,3608.94,3603.06,3571.64,3626.24,3286.54,3495.92,3521.84,3690.24,3664.28,3311.14367816092,3354.36753968254,3557.4,NA,NA,NA
"13",12015070,NA,NA,NA,NA,NA,NA,NA,NA,NA,NA,NA,NA,NA,NA,NA,NA,466.98,3565.72,3606.2,3695.32,3696.66,3717.84,3786.64,3757.54,3689.24,3635.12,3758.64,3744.92,3709.86,3671.84,3772.94,3800.94,3876.86,NA
"14",12015090,NA,NA,NA,NA,NA,NA,NA,NA,NA,NA,NA,NA,NA,NA,NA,NA,379.76,311.06,2886.364,2360.46,2765.54,2757.76,2342.76,2655.604,2570.38,2482.6,NA,NA,NA,NA,NA,NA,NA,NA
"15",12025030,NA,NA,NA,NA,NA,NA,NA,NA,NA,NA,NA,NA,NA,NA,NA,NA,365.54,2804.8,3294.05418719212,3695.98215380405,NA,488.16,3739.01065934066,470.64,3565.84968253968,3369.92675862069,3564.28,3738.54,3620.07785714286,3572.57931034483,3751.14,3770.94,3866.47694581281,NA
"16",12025040,NA,NA,NA,NA,NA,NA,NA,NA,NA,NA,NA,NA,NA,NA,NA,NA,480.046666666667,3279.34879310345,489.216,3718.69214285714,3794.50433497537,3320.6,474.513846153846,3405.52,3103.84,NA,502.44,3647.82928571429,NA,NA,NA,NA,NA,NA
"17",12045010,NA,NA,NA,NA,NA,NA,NA,NA,NA,NA,NA,NA,NA,NA,NA,NA,NA,375.44,499.26,3476.18273083239,3426.87515873016,3655.38344827586,3276.87310344828,3069.88,413.8,NA,NA,481.16,3754.97333333333,3763.02,3782.77931034483,3825.92,3820.86,NA
"18",12045020,NA,NA,NA,NA,NA,NA,NA,NA,NA,NA,NA,NA,NA,NA,NA,NA,500.941538461538,3664.74406130268,3686.02903940887,3615.38669950739,3564.82642857143,3636.25685823755,3509.30370973854,3357.50273504273,3436.32285714286,3688.23285714286,NA,304.94,3784.94,3790.54137931035,3755.78,3950.48827586207,2994,NA
"19",13015030,NA,NA,NA,NA,NA,NA,NA,NA,NA,NA,NA,NA,NA,NA,NA,NA,472.16,3523.12142857143,3573.81517241379,3547.45119047619,3628.37931034483,478.16,NA,NA,NA,NA,NA,NA,NA,NA,NA,NA,NA,NA
"20",13055030,NA,NA,NA,NA,NA,NA,NA,NA,NA,NA,NA,NA,NA,NA,NA,NA,489.58,3653.24,3687.9,3732.78,3773.16,3721.42,3740.58,3709.03763546798,3741.89925925926,3659.37,3668.9,3663.04,3046.56,481.26,NA,NA,NA,NA
"21",13065020,NA,NA,NA,NA,NA,NA,NA,NA,NA,NA,NA,NA,NA,NA,NA,NA,NA,NA,514.66,3855.64142857143,3772.96,3773.06571428571,3862.104,3882,3837.54,3586.29,3592.22,3644.12,3610.56,485.04,3727.27714285714,3572.48,2999.75034482759,NA
"22",13075010,NA,NA,NA,NA,NA,NA,NA,NA,NA,NA,NA,NA,NA,NA,NA,NA,511.78,3757.82,3715.42,3804.34,3704.4,3765.75071428571,3773.44,3737.55214285714,3642.46,3693.82,3758.72,3817.54,3718.74,3763.52,3802.5,3924.44,3407.76142857143,NA
"23",13075020,NA,NA,NA,NA,NA,NA,NA,NA,NA,NA,NA,NA,NA,NA,NA,NA,522.98,3776.88241871921,3682.53636453202,3830.70526440992,3873.19132625995,3582.24965517241,3849.72230011368,3292.98428571429,3711.42985221675,3692.27017515052,3708.4,3778.32,3722.86,3768.24,3851.04,3928.12,3462.48,NA
"24",13075030,NA,NA,NA,NA,NA,NA,NA,NA,NA,NA,NA,NA,NA,NA,NA,NA,512.48,3838.24,3877.82,3972.36,3901.01969348659,3888.2,3835.59777777778,3902.90995073892,506.08,3800.9,3909.74,3878.82,3851.96,3927.82,3960.42,4049.52,4098.56,NA
"25",13075050,NA,NA,NA,NA,NA,NA,NA,NA,NA,NA,NA,NA,NA,NA,NA,NA,490.98,3586.7,3750.72142857143,3825.72,3857.28176245211,505.76,3762.02,3685.93541324576,3720.42,3694.73846153846,NA,498.66,3719.74,NA,NA,NA,NA,NA
"26",13085010,NA,NA,NA,NA,NA,NA,NA,NA,NA,NA,NA,NA,NA,NA,NA,NA,NA,NA,NA,NA,NA,NA,NA,NA,NA,NA,NA,NA,NA,NA,NA,NA,NA,NA
"27",13085020,NA,NA,NA,NA,NA,NA,NA,NA,NA,NA,NA,NA,NA,NA,NA,NA,492.48,3696.09931034483,3755.48888888889,3891.1749071618,3826.06,3839.37862068966,3627.17295566502,3632.66642857143,3510.00975369458,3286.74,3644.49714285714,3242.63079365079,NA,NA,NA,NA,NA,NA
"28",13085030,NA,NA,NA,NA,NA,NA,NA,NA,NA,NA,NA,NA,NA,NA,NA,NA,493.48,3516.14,3788.12,3753.4,3723.36,3694.72,3615.37275862069,3668.72,3630.04,3533.42896551724,3665.37862068966,3687.56013793103,3570.42642857143,487.76,3697.54,3752.24,3238.08,NA
"29",13085040,NA,NA,NA,NA,NA,NA,NA,NA,NA,NA,NA,NA,NA,NA,NA,NA,518.18,491.54,3940.34,3915.22,3791.74,3840.74,3742.27885714286,3658.06,3775.34689655172,3747.12,3833.22,3851.24,3795.66,503.26,3876.34,3971.72,3482.48,NA
"30",13095020,NA,NA,NA,NA,NA,NA,NA,NA,NA,NA,NA,NA,NA,NA,NA,NA,NA,393.02,3532.57591954023,3687.32,3728.02,2787.75111111111,3651.43517241379,3497.16401477833,3379.30571428571,492.24,3275.6044137931,2955.27357142857,2717.95,2424.63172413793,3599.4,502.06,2852.67379310345,NA
"31",14015010,NA,NA,NA,NA,NA,NA,NA,NA,NA,NA,NA,NA,NA,NA,NA,NA,521.3,3664.9,3751.38,3712.68,3497.40206896552,595.82,NA,548.212857142857,559.72,3784.18,3901.98,3810.87142857143,3636.56566502463,564.7,3338.85857142857,NA,NA,NA
"32",14015020,NA,NA,NA,NA,NA,NA,NA,NA,NA,NA,NA,NA,NA,NA,NA,NA,555.62,3847.1,3897.28,3930.1,3881.6,3869.99379310345,3918.74827586207,3951.17586206897,3817.25777777778,3864.58,3963.56,3834.68,3854.88,3907.50827586207,3941.8,3962.4,NA,NA
"33",14015030,NA,NA,NA,NA,NA,NA,NA,NA,NA,NA,NA,NA,NA,NA,NA,NA,535.7,3327.24,3840.70928571429,3916.9,3880.6,581.22,578.82,3702.08,3342.91142857143,3680.185,3706.05428571429,3462.4,3434.38,567.88,NA,NA,NA,NA
"34",15015020,NA,NA,NA,NA,NA,NA,NA,NA,NA,NA,NA,NA,NA,NA,NA,NA,609.82,4065.88275862069,384.52,551.2,3679.65142857143,3692.02551724138,2175.88443349754,NA,NA,NA,NA,580.961379310345,3715.14,4004.30785714286,2613.88,NA,NA,NA
"35",15015050,NA,NA,NA,NA,NA,NA,NA,NA,NA,NA,NA,NA,NA,NA,NA,NA,NA,NA,NA,NA,NA,NA,NA,NA,NA,NA,NA,NA,NA,NA,NA,NA,NA,NA
"36",15015060,NA,NA,NA,NA,NA,NA,NA,NA,NA,NA,NA,NA,NA,NA,NA,NA,123.845,632.986896551724,112.68,699.214285714286,715.651034482759,703.6,714.48,783.16,673.082068965517,669.886666666667,783.7,687.66,707.786206896552,760.3,727.66,646.5,NA,NA
"37",15015100,NA,NA,NA,NA,NA,NA,NA,NA,NA,NA,NA,NA,NA,NA,NA,NA,552.7,538.42,3828.02965517241,NA,NA,NA,NA,NA,526.180714285714,3224.85268472906,2943.46071428571,NA,NA,NA,NA,NA,NA,NA
"38",15015110,NA,NA,NA,NA,NA,NA,NA,NA,NA,NA,NA,NA,NA,NA,NA,NA,343.72,2260.71862068966,2363.80965517241,2294.48,2362.58,377.5,2198.45724137931,2401.36,2258.88,2220.08,2376.5077394636,NA,NA,NA,NA,NA,NA,NA
"39",15035020,NA,NA,NA,NA,NA,NA,NA,NA,NA,NA,NA,NA,NA,NA,NA,NA,561.82,3184.81428571429,3663.89,3411.08,3390.9,3522.69992337165,3567.77428571429,3667.64714285714,3473,3400.14805692392,3561.70636015326,NA,NA,NA,NA,NA,NA,NA
"40",15045010,NA,NA,NA,NA,NA,NA,NA,NA,NA,NA,NA,NA,NA,NA,NA,NA,564.2,3598.71842364532,3023.15,3688.88068965517,485.64,NA,591.009655172414,3529.27142857143,568.22,3549.83,3464.09285714286,3579.17571428571,3470.03862068966,2951.52827586207,3610.69071428571,NA,NA,NA
"41",15065010,NA,NA,NA,NA,NA,NA,NA,NA,NA,NA,NA,NA,NA,NA,NA,NA,621.22,3956.64,4033.8,4048.9,603.72,612.82,3883.68,3943.4,597.62,3793.8,4029.5,3717.9,3833.5,3951.38,3984.88,4086.88,NA,NA
"42",15065040,NA,NA,NA,NA,NA,NA,NA,NA,NA,NA,NA,NA,NA,NA,NA,NA,NA,NA,NA,599.32,3783.12,3398.89896551724,373.48,3492.0252545156,2763.93475369458,NA,NA,NA,NA,NA,NA,NA,NA,NA
"43",15065050,NA,NA,NA,NA,NA,NA,NA,NA,NA,NA,NA,NA,NA,NA,NA,NA,598.92,289.8,3913.99034482759,591.971724137931,3714.74068965517,3850.07219211823,3656.72857142857,3617.99965517241,3389.16,2868.48666666667,298.42,NA,NA,NA,NA,NA,NA,NA
"44",15065120,NA,NA,NA,NA,NA,NA,NA,NA,NA,NA,NA,NA,NA,NA,NA,NA,NA,558.04,NA,NA,NA,NA,NA,NA,NA,NA,NA,NA,NA,NA,NA,NA,NA,NA
"45",15065130,NA,NA,NA,NA,NA,NA,NA,NA,NA,NA,NA,NA,NA,NA,NA,NA,601.7,3840.61142857143,3990.56965517241,4150.01001368364,3928.33822660099,3815.3075862069,3893.56554187192,4055.87539408867,3806.56,3777.76251231527,4146.1,3653.96,3863.68,4113.66,4034.24,2941.18444444444,NA,NA
"46",15075030,NA,NA,NA,NA,NA,NA,NA,NA,NA,NA,NA,NA,NA,NA,NA,NA,591.8,3858.66,3939.08,3916.36,3310.06,NA,NA,639.22,3801.67448275862,3148.92275862069,3070.78,3993.9,4096.00827586207,3936.46896551724,4189.4,4272.8,NA,NA
"47",15075060,NA,NA,NA,NA,NA,NA,NA,NA,NA,NA,NA,NA,NA,NA,NA,NA,577.8,3856.64,4044.26,3535.17724137931,3987.96,3912.14896551724,3937.85655172414,3999.22,3589.42428571429,3796.4585440613,NA,637.116428571429,3944.05448275862,3854.84,4076.84,600.52,NA,NA
"48",15085020,NA,NA,NA,NA,NA,NA,NA,NA,NA,NA,NA,NA,NA,NA,NA,NA,443.2,3285.9,2380.45111111111,2397.6,2394.44,3072.95310344828,3021.88827586207,2339.84,2185.26,1634.62,2006.94,2354.62,2369,363.5,3181.00344827586,1922.06,NA,NA
"49",15085030,NA,NA,NA,NA,NA,NA,NA,NA,NA,NA,NA,NA,NA,NA,NA,NA,332.96,2307.04,3047.05571428571,3259.465,2942.9,3314.72857142857,3728.26270935961,3475.87429666119,2162.7,489.82,3374.07655172414,3340.95931034483,3390.25768472906,3517.48825123153,3717.70222222222,NA,NA,NA
"50",15085040,NA,NA,NA,NA,NA,NA,NA,NA,NA,NA,NA,NA,NA,NA,NA,NA,584.9,4100.34,3678.58,4181.75458128079,4141.82,3977.27285714286,4016.48965517241,4232.66551724138,4066.16,3959.84551724138,4207.53985221675,3247.84,3654.87630541872,4251.02,3762.28,3187.98413793103,NA,NA
"51",16015010,NA,NA,NA,NA,NA,NA,NA,NA,NA,NA,NA,NA,NA,NA,NA,NA,560.32,3759.9,3789.58,3933.9,3738.2,3664.4,3659.96,3808.48,3584.7,3572.5,3886.5,3546.28,3621.1,3806.48,3786.58,3844.3,NA,NA
"52",16015020,NA,NA,NA,NA,NA,NA,NA,NA,NA,NA,NA,NA,NA,NA,NA,NA,157.32,1055.58,1160.47093596059,1180.48,1129.7,1112.76761083744,1067.63401477833,1149.33310344828,1084.94571428571,1060.6078817734,1307.54,1023.8,1096.7,1181.81071428571,1117.86651340996,1180.34881226054,NA,NA
"53",16015030,NA,NA,NA,NA,NA,NA,NA,NA,NA,NA,NA,NA,NA,NA,NA,NA,NA,NA,NA,NA,NA,NA,NA,NA,NA,NA,NA,NA,NA,NA,NA,NA,NA,NA
"54",16015040,NA,NA,NA,NA,NA,NA,NA,NA,NA,NA,NA,NA,NA,NA,NA,NA,NA,NA,NA,NA,NA,NA,NA,NA,NA,NA,NA,NA,NA,NA,NA,NA,NA,NA
"55",16015090,NA,NA,NA,NA,NA,NA,NA,NA,NA,NA,NA,NA,NA,NA,NA,NA,105.62,683.321428571429,NA,NA,NA,NA,100.72,858.980821018062,802.5,73.06,892.272142857143,738.073333333333,728.750344827586,837.426272577997,95.14,641.9,NA,NA
"56",16015100,NA,NA,NA,NA,NA,NA,NA,NA,NA,NA,NA,NA,NA,NA,NA,NA,NA,253.32,1840.92876847291,1933.40444444444,1820.96,1728.34444444444,1636.76428571429,1806.82714285714,1802.38,1836.65285714286,1955.33448275862,1736.765,1720.79103448276,1914.96965517241,1915.98,1970.86406403941,NA,NA
"57",16015140,NA,NA,NA,NA,NA,NA,NA,NA,NA,NA,NA,NA,NA,NA,NA,NA,NA,NA,NA,NA,NA,NA,NA,NA,NA,NA,290.44,1522.31931034483,NA,NA,NA,NA,NA,NA
"58",16025010,NA,NA,NA,NA,NA,NA,NA,NA,NA,NA,NA,NA,NA,NA,NA,NA,543,3670.10827586207,3833.8,3919.88857142857,3749.6,3692.8,3681.44285714286,3821.5,3568.5,3493.46,3845.78,3527.08,3598.28,3761.8,3825.88,3932.06,NA,NA
"59",16025020,NA,NA,NA,NA,NA,NA,NA,NA,NA,NA,NA,NA,NA,NA,NA,NA,554.771724137931,337.86,2751.04,3183.14222222222,3531.09486590038,NA,NA,NA,NA,NA,NA,NA,NA,NA,NA,NA,NA,NA
"60",16025030,NA,NA,NA,NA,NA,NA,NA,NA,NA,NA,NA,NA,NA,NA,NA,NA,393.82,2676,2854.19403940887,2936.7,2786.2,2706.7,2493.72,2865.72,2675.22,2746.46,2949.06,2722.09517241379,NA,424.8,2963.1,3005.98,NA,NA
"61",16025040,NA,NA,NA,NA,NA,NA,NA,NA,NA,NA,NA,NA,NA,NA,NA,NA,550.22,592.22,3900.45931034483,3936.28,3875.68,3784.3,3702.39746031746,3839.89719211823,3799.57445812808,3745.32,4002.08640394089,3492.52251231527,3711.6524137931,3904.94,3938.18,3940.78,NA,NA
"62",16035010,NA,NA,NA,NA,NA,NA,NA,NA,NA,NA,NA,NA,NA,NA,NA,NA,391.94,3455.77349753695,NA,NA,NA,16.42,2717.42714285714,3312.18261904762,3259.21642857143,3648.57071428571,3889.38413793103,3616.76,NA,NA,NA,NA,NA,NA
"63",16035020,NA,NA,NA,NA,NA,NA,NA,NA,NA,NA,NA,NA,NA,NA,NA,NA,550.9,3889.04,3894.38,3958.48,4106.38,602.92,NA,581.82,560.834285714286,555.62,NA,NA,NA,NA,NA,NA,NA,NA
"64",16035030,NA,NA,NA,NA,NA,NA,NA,NA,NA,NA,NA,NA,NA,NA,NA,NA,541.088965517241,585.02,3618.58858237548,3709.91333333333,3573.02,3434.98,3571.54,3651.26,3495.14785714286,3530.11785714286,3420.24,3455.01290640394,3545.4,3728.98,3631.74,NA,NA,NA
"65",16045020,NA,NA,NA,NA,NA,NA,NA,NA,NA,NA,NA,NA,NA,NA,NA,NA,532.216551724138,3153.37753694581,NA,NA,NA,535.92,3627.88,3944.3,530.42,3622.86928571429,3634.74,NA,NA,NA,NA,NA,NA,NA
"66",16055010,NA,NA,NA,NA,NA,NA,NA,NA,NA,NA,NA,NA,NA,NA,NA,NA,299.82,2302.16,2427.01571428571,2485.80482758621,2316.04,NA,NA,310.52,1918.75655172414,2183.7432183908,2308.6,2316.66896551724,2173.56428571429,2308.6018226601,355.72,NA,NA,NA
"67",16055020,NA,NA,NA,NA,NA,NA,NA,NA,NA,NA,NA,NA,NA,NA,NA,NA,316.34,2454.74188286809,2314.32142857143,2524.64482758621,2365.71448275862,NA,343.24,2377.35172413793,214.16,321.22,2610.47330049261,2306.85177339901,2175.65541871921,2504.51317186645,NA,NA,NA,NA
"68",16055040,NA,NA,NA,NA,NA,NA,NA,NA,NA,NA,NA,NA,NA,NA,NA,NA,NA,364.709655172414,1908.77379310345,1762.23997536946,2092.29428571429,2221.98677339901,263.28,2307.72571428571,2229.94528735632,2007.19428571429,2422.07655172414,2163.01034482759,2272.96,2380.4,NA,NA,NA,NA
"69",16055060,NA,NA,NA,NA,NA,NA,NA,NA,NA,NA,NA,NA,NA,NA,NA,NA,322.12,1975.18413793103,2092.96,2033.28285714286,2043.36275862069,1941.29655172414,2051.31172413793,NA,325.62,2021.48,322.2,2052.84206896552,2122.52,2229.78285714286,2153.85113300493,2177.98278325123,NA,NA
"70",16055080,NA,NA,NA,NA,NA,NA,NA,NA,NA,NA,NA,NA,NA,NA,NA,NA,NA,270,1754.17517241379,276.42,267.02,1382.45214285714,NA,NA,NA,NA,NA,NA,NA,NA,NA,NA,NA,NA
"71",16055090,NA,NA,NA,NA,NA,NA,NA,NA,NA,NA,NA,NA,NA,NA,NA,NA,368.12,2522.7,2637,2640.88,2542.18,2537.1,2586.38,2614.18,2479.46928571429,2482.08,2644.88714285714,2472.96,2502.46,2648.3,432.02,2721.48,NA,NA
"72",16055100,NA,NA,NA,NA,NA,NA,NA,NA,NA,NA,NA,NA,NA,NA,NA,NA,375.62,2408.78,2512.46571428571,2523.18,2439.46,2360.49571428571,2265.40054187192,2407.24222222222,2400.3,2308.77655172414,2578.96,2452.0275862069,2251.2026984127,NA,370.64,2064.76357142857,NA,NA
"73",17015010,NA,NA,NA,NA,NA,NA,NA,NA,NA,NA,NA,NA,NA,NA,NA,NA,530.1,3788.20714285714,3804.38,3812.26214285714,3798.96620689655,3796.68,3800.14157635468,3788.4,3771.28,3751.56,3826.28,3721.83,3596.12214285714,3794.37103448276,3850.38,3784.92,NA,NA
"74",17025020,NA,NA,NA,NA,NA,NA,NA,NA,NA,NA,NA,NA,NA,NA,NA,NA,541.2,3784.1,3811.18,3856.1,3816.14,3790.07448275862,3811.61714285714,563.1,3702.27793103448,3726.64,571.32,3592.15931034483,3790.48,3820.14714285714,3818.6324137931,NA,NA,NA
"75",21015020,NA,NA,NA,NA,NA,NA,NA,NA,NA,NA,NA,NA,NA,NA,NA,NA,302.22,2148.55310344828,2139.38142857143,2075.76344827586,2205.56438423645,1915.88559113301,214.62,2310.0024137931,2095.92,2154.31571428571,2321.31571428571,2184.1,2209.71287356322,2166.22,2188.8,2174.92,NA,NA
"76",21015030,NA,NA,NA,NA,NA,NA,NA,NA,NA,NA,NA,NA,NA,NA,NA,NA,242.02,1824.3,1869.8,1883.8,1871.46,1834.48,1834.95862068966,1906,1710.78,1741.25862068965,1953.9,1799,1872.1,1850.28,228.72,1800.2,NA,NA
"77",21025020,NA,NA,NA,NA,NA,NA,NA,NA,NA,NA,NA,NA,NA,NA,NA,NA,NA,NA,NA,NA,NA,283.6,1621.92,719.84,NA,NA,NA,NA,NA,NA,NA,NA,NA,NA
"78",21025030,NA,NA,NA,NA,NA,NA,NA,NA,NA,NA,NA,NA,NA,NA,NA,NA,298.5,2231.44275862069,2371.26354679803,2369.88,2334.6,2248.85379310345,2266.36,2372.35476190476,2226.94,310.513103448276,2427.0236863711,2099.08,2255.7,301.62,2321.38,2302.96,NA,NA
"79",21035020,NA,NA,NA,NA,NA,NA,NA,NA,NA,NA,NA,NA,NA,NA,NA,NA,127.12,1063.80142857143,1131.48773399015,1079.68980295567,NA,NA,NA,NA,NA,NA,NA,NA,NA,NA,NA,NA,NA,NA
"80",21035040,NA,NA,NA,NA,NA,NA,NA,NA,NA,NA,NA,NA,NA,NA,NA,NA,387.12,2776.21428571429,2733.78,2377.77142857143,2566.04827586207,2484.61428571429,2649.18,2715.82,2706.29946360153,2537.00689655172,2350.285,1937.56,2164.78,2438.29775862069,2578.16527093596,2028.5,NA,NA
"81",21045010,NA,NA,NA,NA,NA,NA,NA,NA,NA,NA,NA,NA,NA,NA,NA,NA,436.92,3055,432.52,3198.68,3220.28,2993.69531472359,2576.48344827586,2924.915,2884.1024137931,2866.71034482759,3187.45068965517,NA,429.595862068966,3071.91891625616,3103.14509852217,479.62,NA,NA
"82",21055020,NA,NA,NA,NA,NA,NA,NA,NA,NA,NA,NA,NA,NA,NA,NA,NA,256.34,1936.06,2212.67357142857,2363.05111111111,2114.01928571429,1919.76,1879.18,1878.18,287.9,2110.49333333333,2485.38857142857,2352.74344827586,1990.24,2278.6,2812.14,2783.69,NA,NA
"83",21055030,NA,NA,NA,NA,NA,NA,NA,NA,NA,NA,NA,NA,NA,NA,NA,NA,157.42,1181.42444444444,1188.23630541872,1137.14,1210.80785714286,97.68,701.14,NA,125.42,986.074285714286,1308.24103448276,161.22,1185.31793103448,1180.63724137931,958.949285714286,993.097931034483,NA,NA
"84",21065040,NA,NA,NA,NA,NA,NA,NA,NA,NA,NA,NA,NA,NA,NA,NA,NA,304.206206896552,2152.39036945813,1951.18,2112.25683360701,2191.02551724138,2190.72074986316,2172.93389162562,2193.26,2127.28681992337,2154.06,2330.56,1954.5,2133.755,2123.65798029557,2161.12142857143,2148.16720306513,NA,NA
"85",21085020,NA,NA,NA,NA,NA,NA,NA,NA,NA,NA,NA,NA,NA,NA,NA,NA,407.468275862069,2706.52090311987,2930.61795566502,2918.35261904762,2761.39360974275,NA,NA,358.02,2635.11036945813,2520.62123152709,NA,NA,NA,NA,NA,NA,NA,NA
"86",21085030,NA,NA,NA,NA,NA,NA,NA,NA,NA,NA,NA,NA,NA,NA,NA,NA,NA,NA,NA,NA,NA,NA,NA,NA,NA,NA,374.8,2647.58277777778,2566,2761.66482758621,2666.58689655172,2750.74285714286,1833.36344827586,NA
"87",21085040,NA,NA,NA,NA,NA,NA,NA,NA,NA,NA,NA,NA,NA,NA,NA,NA,229.14,1670.61514778325,1737.30433497537,1880.60365353038,1610.47285714286,1581.33785714286,1573.06,1472.64928571429,1523.79310344828,1522.62357142857,1849.72162561576,1231.46857142857,225.02,1510.60620689655,NA,153.14,NA,NA
"88",21095010,NA,NA,NA,NA,NA,NA,NA,NA,NA,NA,NA,NA,NA,NA,NA,NA,518.640689655172,451.04,356.92,479.24,3603.09256157635,NA,NA,553.3,3479.12,3147.84,4120.55714285714,3781.44,3851.64477832512,563.4,3747.56857142857,3464.3003968254,NA,NA
"89",21095020,NA,NA,NA,NA,NA,NA,NA,NA,NA,NA,NA,NA,NA,NA,NA,NA,NA,NA,NA,NA,NA,NA,NA,NA,NA,NA,NA,NA,NA,NA,NA,NA,NA,NA
"90",21105030,NA,NA,NA,NA,NA,NA,NA,NA,NA,NA,NA,NA,NA,NA,NA,NA,386.2,2765.78,2890.98,2844.21142857143,2717.18275862069,2753.39285714286,2768.685,2694.609408867,2630.65333333333,2640.15337438424,2988.7,2509.8,NA,NA,392.4,NA,NA,NA
"91",21105040,NA,NA,NA,NA,NA,NA,NA,NA,NA,NA,NA,NA,NA,NA,NA,NA,492.22,3372.2,3417.09722222222,3486.23997536946,3332.02,3360.76275862069,3164.24,3360.85807881773,3195.03111111111,3260.34896551724,466.32,368.1,2300.08,NA,408.6,NA,NA,NA
"92",21105050,NA,NA,NA,NA,NA,NA,NA,NA,NA,NA,NA,NA,NA,NA,NA,NA,519.32,3575.3,3670.90142857143,3749.6,3620.9,3561.4,3556.1,3621.3,3515.9,3487.3,3795.8,3436.6,3492.18,3429.32,NA,NA,NA,NA
"93",21105060,NA,NA,NA,NA,NA,NA,NA,NA,NA,NA,NA,NA,NA,NA,NA,NA,540.52,3646.97615763547,3549.49756157635,3760.66,532.751034482759,3635.67674329502,3565.08482758621,3801.9,3424.65,3495.78,3823.8,3211.46583743842,NA,NA,NA,NA,NA,NA
"94",21115020,NA,NA,NA,NA,NA,NA,NA,NA,NA,NA,NA,NA,NA,NA,NA,NA,566.52,3831.4,3936.76,4038.4,3887.96,3897.4,3829.78,3949.1,3764.1,3708.1,4014.6,3697.98,3830,3924.7,3944.9,4065.7,4345.18,NA
"95",21115060,NA,NA,NA,NA,NA,NA,NA,NA,NA,NA,NA,NA,NA,NA,NA,NA,594.42,3981.36,4073,4243.18,4211.71379310345,4067.6,3999.34,4124.58,4005.66,3952.97285714286,4249.76,3908.96,3953.02,4089.51,4045.48,4212.92507389163,NA,NA
"96",21115070,NA,NA,NA,NA,NA,NA,NA,NA,NA,NA,NA,NA,NA,NA,NA,NA,189.82,2241.60357142857,2340.824408867,369.626896551724,2628.77655172414,2288.11071428571,2251.73857142857,2472.02071428571,295.1,2222.81214285714,2737.8862835249,2255.35714285714,NA,NA,NA,NA,NA,NA
"97",21115080,NA,NA,NA,NA,NA,NA,NA,NA,NA,NA,NA,NA,NA,NA,NA,NA,560.1,3835.64,3828.13857142857,3805.65310344828,3711.96083743842,3612.34285714286,3503.73142857143,3495.96251231527,3378.60413793103,3462.45206349206,3698.80857142857,3775.78,3740.44,3896.06642857143,NA,NA,NA,NA
"98",21115100,NA,NA,NA,NA,NA,NA,NA,NA,NA,NA,NA,NA,NA,NA,NA,NA,371.2,2620.01379310345,2849.15812807882,2813.46,2739.14275862069,2747.89571428571,2708.22201970443,2811.58768472906,2732.6075862069,2609.92,380.72,2623.08,2664.68,2738.2,2703.24666666667,2864.58,NA,NA
"99",21115140,NA,NA,NA,NA,NA,NA,NA,NA,NA,NA,NA,NA,NA,NA,NA,NA,117.18,1056.37958128079,108.04,82.12,96,758.02,NA,147.32,103.92,170.7,162.96,1068.8,177.62,NA,NA,NA,NA,NA
"100",21115160,NA,NA,NA,NA,NA,NA,NA,NA,NA,NA,NA,NA,NA,NA,NA,NA,449.22,3678.9825862069,3674.58582375479,3873.60032019704,3552.56137931034,3693.9639408867,3687.42597701149,3808.58233990148,3674.04482758621,3526.8,3657.96,3432.50549261084,3418.54206896552,3480.06,3717.78,NA,NA,NA
"101",21125010,NA,NA,NA,NA,NA,NA,NA,NA,NA,NA,NA,NA,NA,NA,NA,NA,NA,334.992413793103,2274.84,2254.76349753695,2235.28904761905,2252.66369458128,2327.74,2282.34,2254.64,2255.48,2372.77931034483,2182.48,2227.98857142857,2202.64891625616,2185.42,2272.53172413793,NA,NA
"102",21125020,NA,NA,NA,NA,NA,NA,NA,NA,NA,NA,NA,NA,NA,NA,NA,NA,497.8,3505.2,3646.36,3047.35034482759,453.74,3472.91,NA,NA,530.82,3311.14551724138,3728.1,3435.41448275862,3521.01517241379,NA,NA,NA,NA,NA
"103",21125040,NA,NA,NA,NA,NA,NA,NA,NA,NA,NA,NA,NA,NA,NA,NA,NA,NA,NA,NA,NA,NA,NA,NA,NA,NA,NA,NA,NA,NA,NA,NA,NA,NA,NA
"104",21135020,NA,NA,NA,NA,NA,NA,NA,NA,NA,NA,NA,NA,NA,NA,NA,NA,463.62,3249.96,3423.39111111111,3363.43287356322,3182.50857142857,3278.09862068966,3260.50222222222,3586.64889162562,3723.24482758621,3271.08428571429,3980.53285714286,3576.06,585.62,NA,NA,NA,NA,NA
"105",21135030,NA,NA,NA,NA,NA,NA,NA,NA,NA,NA,NA,NA,NA,NA,NA,NA,575.116428571429,3778.32,3946.91379310345,3994.14714285714,3954.04428571429,3911.44,3779.85403940887,3906.46997536946,3722.5947044335,3713.06,4000.48,3645.26,3836.6524137931,3793.62,3435.68,657.42,NA,NA
"106",21135040,NA,NA,NA,NA,NA,NA,NA,NA,NA,NA,NA,NA,NA,NA,NA,NA,578.42,3886.88,3995.42642857143,4161.1,4006.56,3996.24,3757.78,3621.845,3484.18275862069,3556.46722222222,NA,NA,NA,NA,NA,NA,NA,NA
"107",21135050,NA,NA,NA,NA,NA,NA,NA,NA,NA,NA,NA,NA,NA,NA,NA,NA,235.54,1779.82,1614.94,1462.655,1480.70444444444,1933.28827586207,1897.09310344828,1587.6,1817.93566502463,1819.80827586207,1865.17310344828,1721.86756157636,1685.62428571429,1604.335,1331.6,1453.94,NA,NA
"108",21145060,NA,NA,NA,NA,NA,NA,NA,NA,NA,NA,NA,NA,NA,NA,NA,NA,230.26,1698.84,1738.2,2001.1,2027.06,2453.805,2194.58666666667,1610.26,240.3,NA,NA,NA,NA,NA,NA,NA,NA,NA
"109",21145070,NA,NA,NA,NA,NA,NA,NA,NA,NA,NA,NA,NA,NA,NA,NA,NA,155.4,1074.12,621.32,1200.94,868.88,117.98,167.34,1441.7,191.42,169.84,1845.14068965517,NA,193.58,1375.42,144.88,NA,NA,NA
"110",21145080,NA,NA,NA,NA,NA,NA,NA,NA,NA,NA,NA,NA,NA,NA,NA,NA,268.52,1954.14873015873,2124.70059386973,1927.79071428571,2124.07650246305,1931.42238095238,219.48,1657.28,1512.46,1610.62,1898.23,1873.10357142857,313.72,2033.34,2155.89793103448,2100.22285714286,NA,NA
"111",21155040,NA,NA,NA,NA,NA,NA,NA,NA,NA,NA,NA,NA,NA,NA,NA,NA,332.72,2341.3,2438.3,2475.6,2396.71111111111,NA,NA,NA,NA,NA,NA,NA,NA,NA,NA,NA,NA,NA
"112",21165010,NA,NA,NA,NA,NA,NA,NA,NA,NA,NA,NA,NA,NA,NA,NA,NA,555.02,3774.14,3894.54,3849.34,3581.41172413793,3960.4,562,3844.82691297209,3717.18666666667,3699.66,3862.14,3733.18935960591,NA,NA,NA,NA,NA,NA
"113",21165030,NA,NA,NA,NA,NA,NA,NA,NA,NA,NA,NA,NA,NA,NA,NA,NA,478.82,3318.26,3517.60068965517,355.74,2616.12,3533.48206896552,3541.43224137931,3658.76285714286,3466.27428571429,3450.21655172414,3670.28,3476.61571428571,NA,NA,NA,NA,NA,NA
"114",21185020,NA,NA,NA,NA,NA,NA,NA,NA,NA,NA,NA,NA,NA,NA,NA,NA,563.62,3877.78,3994.36,4061.41103448276,3427.47862068966,3596.90280788177,3842.78,3681.92142857143,3939.3,3552.38,4079.08,NA,NA,NA,NA,NA,NA,NA
"115",21185030,NA,NA,NA,NA,NA,NA,NA,NA,NA,NA,NA,NA,NA,NA,NA,NA,579.251034482759,3906.61866995074,3425.31517241379,3420.48285714286,2267.28,2446.92,505.42,2613.66,3335.74231527094,3567.29356048166,3395.95793103448,3679.88,NA,537.6,NA,NA,NA,NA
"116",21185040,NA,NA,NA,NA,NA,NA,NA,NA,NA,NA,NA,NA,NA,NA,NA,NA,585.32,4034.6,4135.86,3998.66,3482.66,4123.76620689655,4135.48,4111.68,4059.2,3956.08,4243.7,4041,4063.64,NA,NA,NA,NA,NA
"117",21185080,NA,NA,NA,NA,NA,NA,NA,NA,NA,NA,NA,NA,NA,NA,NA,NA,495.12,3398.2,3525.46,3496.56,3460.7,3475.19793103448,3558.5,3504.63555555556,3426.08,3353.56,3586.46,3396.29310344828,NA,NA,NA,NA,NA,NA
"118",21195060,NA,NA,NA,NA,NA,NA,NA,NA,NA,NA,NA,NA,NA,NA,NA,NA,393.3,2574.19108374384,2535.2,2777.59381773399,3062.29698960044,2969.24,3012.67357142857,2979.15,2937,2955.68,3230.02022988506,2924.28,2934.5,NA,468.22,2936.73093596059,2362.64,NA
"119",21195070,NA,NA,NA,NA,NA,NA,NA,NA,NA,NA,NA,NA,NA,NA,NA,NA,199.82,1346.61142857143,NA,NA,196.82,162.1,1215.95475369458,1292.98,1257,1173.62444444444,1235.35637931034,1115.07315270936,1180.42,NA,198.02,1282.94285714286,NA,NA
"120",21195080,NA,NA,NA,NA,NA,NA,NA,NA,NA,NA,NA,NA,NA,NA,NA,NA,534.675172413793,3690.46714285714,3577.8,3934.74,3612.36,2974.26571428571,3735.94896551724,3487.44428571429,446.82,315.04,529.116551724138,543.341428571429,NA,NA,NA,NA,NA,NA
"121",21195110,NA,NA,NA,NA,NA,NA,NA,NA,NA,NA,NA,NA,NA,NA,NA,NA,224.927142857143,1411.78357142857,1160.46,1278.40283524904,225.423448275862,1444.70952380952,1324.61785714286,197.027142857143,NA,191.823571428571,154.06,1165.4,1190.16428571429,NA,211.72,1414.18257252326,NA,NA
"122",21195120,NA,NA,NA,NA,NA,NA,NA,NA,NA,NA,NA,NA,NA,NA,NA,NA,296.42,2039.7,2358.66,NA,320.2,2224.09310344828,2281.64,2290.68,2011.64,NA,322.52,1828.36344827586,2197.16,1682.86,NA,NA,NA,NA
"123",21205013,NA,NA,NA,NA,NA,NA,NA,NA,NA,NA,NA,NA,NA,NA,NA,NA,NA,NA,NA,NA,NA,NA,NA,NA,NA,NA,72.84,776.625270935961,86,NA,NA,NA,NA,NA
"124",21205420,NA,NA,NA,NA,NA,NA,NA,NA,NA,NA,NA,NA,NA,NA,NA,NA,100.32,609.48,733.9,742.8,746.3,774.26,768.939310344828,878.08,729.4,732,755,664.96,730,NA,108.32,NA,NA,NA
"125",21205580,NA,NA,NA,NA,NA,NA,NA,NA,NA,NA,NA,NA,NA,NA,NA,NA,93.82,504.330714285714,706.215714285714,600.995024630542,575.565714285714,651.747660098522,NA,NA,117.13724137931,114.9,783.975290093049,93.22,415.54,505.96,101.22,NA,NA,NA
"126",21205660,NA,NA,NA,NA,NA,NA,NA,NA,NA,NA,NA,NA,NA,NA,NA,NA,447.72,NA,482.42,3080.74,2723.16344827586,3316.24,3373.38,3423.25862068965,461.12,3054.86,3411,3140.25586206897,3248.7,NA,518.32,3396.5,NA,NA
"127",21205670,NA,NA,NA,NA,NA,NA,NA,NA,NA,NA,NA,NA,NA,NA,NA,NA,140.08,1269.14103448276,1375.7,1361.8,1638.96,1600.86,216.42,1530.66,1340.07172413793,1237.1,1403.50071428571,1475.72,1493.50628078818,1247.89793103448,241.9,NA,NA,NA
"128",21205700,NA,NA,NA,NA,NA,NA,NA,NA,NA,NA,NA,NA,NA,NA,NA,NA,43.66,NA,64.64,487.94,372.502068965517,652.94,674.892315270936,691.025270935961,676.17,692.946428571429,82.24,675.68,623.532413793103,63.72,654.606590038314,665.86,NA,NA
"129",21205710,NA,NA,NA,NA,NA,NA,NA,NA,NA,NA,NA,NA,NA,NA,NA,NA,101.28,814.38,1252.13857142857,929.06,92.16,NA,115.28,776.54,17.48,177.92,157.2,990.92,859.72,379.36,NA,NA,NA,NA
"130",21205720,NA,NA,NA,NA,NA,NA,NA,NA,NA,NA,NA,NA,NA,NA,NA,NA,40.12,294.34,256.217931034483,230.88,245.76,264.305221674877,262.94,626.226206896552,373.48,52.46,NA,71.02,63.4751724137931,NA,NA,23.86,NA,NA
"131",21205740,NA,NA,NA,NA,NA,NA,NA,NA,NA,NA,NA,NA,NA,NA,NA,NA,18.84,36.4914285714286,425.126206896552,44.2414285714286,NA,53,507.48,51.72,439.948965517241,470.522068965517,516.521379310345,567.610714285714,526.342142857143,459.805541871921,500.202597153804,401.58,NA,NA
"132",21205770,NA,NA,NA,NA,NA,NA,NA,NA,NA,NA,NA,NA,NA,NA,NA,NA,NA,10.44,113.54,638.54,693.687857142857,893.631428571429,847.96,709.32,607.6,481.96,585.94275862069,456.136945812808,NA,106.8,66.08,533.359523809524,NA,NA
"133",21205790,NA,NA,NA,NA,NA,NA,NA,NA,NA,NA,NA,NA,NA,NA,NA,NA,103.52,670.58,869.2,884.6,729,121.22,747.5,821.4,673.835,718.569655172414,903.693103448276,809.06,873.626748768473,852.56,906.8,899.9,NA,NA
"134",21205840,NA,NA,NA,NA,NA,NA,NA,NA,NA,NA,NA,NA,NA,NA,NA,NA,NA,NA,NA,NA,NA,NA,NA,NA,NA,NA,NA,NA,NA,NA,NA,NA,NA,NA
"135",21205850,NA,NA,NA,NA,NA,NA,NA,NA,NA,NA,NA,NA,NA,NA,NA,NA,NA,NA,NA,NA,NA,NA,NA,NA,105.488571428571,531.254482758621,94.43,794.582142857143,757.233571428572,471.63,NA,NA,NA,NA
"136",21205870,NA,NA,NA,NA,NA,NA,NA,NA,NA,NA,NA,NA,NA,NA,NA,NA,NA,NA,NA,NA,NA,267.131428571429,-0.649999999999999,NA,NA,NA,NA,NA,NA,NA,NA,NA,NA,NA
"137",21205880,NA,NA,NA,NA,NA,NA,NA,NA,NA,NA,NA,NA,NA,NA,NA,NA,NA,NA,NA,NA,NA,NA,NA,NA,118.11,82.11,NA,NA,NA,NA,NA,NA,NA,NA
"138",21205890,NA,NA,NA,NA,NA,NA,NA,NA,NA,NA,NA,NA,NA,NA,NA,NA,NA,NA,NA,NA,NA,NA,NA,55.92,103.22,119.51,887.05,NA,109.344482758621,NA,NA,NA,NA,NA
"139",21205910,NA,NA,NA,NA,NA,NA,NA,NA,NA,NA,NA,NA,NA,NA,NA,NA,NA,NA,NA,NA,NA,96.21,-53.58,88.9,NA,103.2,120.9,721.92,NA,NA,NA,NA,NA,NA
"140",21205920,NA,NA,NA,NA,NA,NA,NA,NA,NA,NA,NA,NA,NA,NA,NA,NA,NA,NA,NA,NA,NA,68.16,NA,83.95,747.444559386973,60.81,781.012068965517,870.094285714286,861.79,896.88,92.22,NA,NA,NA
"141",21205940,NA,NA,NA,NA,NA,NA,NA,NA,NA,NA,NA,NA,NA,NA,NA,NA,NA,NA,NA,NA,NA,NA,55.36,NA,NA,NA,63.4,NA,42.1,381.08,NA,NA,NA,NA
"142",21205960,NA,NA,NA,NA,NA,NA,NA,NA,NA,NA,NA,NA,NA,NA,NA,NA,NA,NA,NA,NA,NA,NA,NA,86.31,NA,110.4,892.44,701.69,669.293333333333,677.307777777778,NA,NA,NA,NA
"143",21205970,NA,NA,NA,NA,NA,NA,NA,NA,NA,NA,NA,NA,NA,NA,NA,NA,NA,NA,NA,NA,NA,NA,96.01,682.284137931034,751.492936507937,770.435,NA,NA,NA,NA,NA,NA,NA,NA
"144",21205980,NA,NA,NA,NA,NA,NA,NA,NA,NA,NA,NA,NA,NA,NA,NA,NA,113.62,745.18,893.76,899.869655172414,844.2,848.6,867.472167487685,844.635714285714,760.18,787.9,887.320689655172,751.78,784.255862068966,123.02,NA,NA,NA,NA
"145",21205990,NA,NA,NA,NA,NA,NA,NA,NA,NA,NA,NA,NA,NA,NA,NA,NA,NA,NA,NA,NA,NA,53.48,NA,NA,NA,NA,NA,NA,NA,NA,NA,NA,NA,NA
"146",21206010,NA,NA,NA,NA,NA,NA,NA,NA,NA,NA,NA,NA,NA,NA,NA,NA,NA,NA,NA,NA,NA,NA,NA,NA,NA,NA,NA,NA,NA,NA,NA,NA,NA,NA
"147",21206020,NA,NA,NA,NA,NA,NA,NA,NA,NA,NA,NA,NA,NA,NA,NA,NA,NA,NA,NA,NA,NA,NA,NA,NA,NA,NA,NA,NA,NA,NA,NA,NA,NA,NA
"148",21206030,NA,NA,NA,NA,NA,NA,NA,NA,NA,NA,NA,NA,NA,NA,NA,NA,NA,NA,NA,NA,NA,NA,NA,NA,NA,NA,78.77,60.96,58.9885714285714,64.5548275862069,NA,NA,NA,NA
"149",21206050,NA,NA,NA,NA,NA,NA,NA,NA,NA,NA,NA,NA,NA,NA,NA,NA,69.24,618.8,733.96,84,633.14,84.58,801.153793103448,598.903571428571,NA,NA,NA,NA,NA,NA,NA,NA,NA,NA
"150",21206180,NA,NA,NA,NA,NA,NA,NA,NA,NA,NA,NA,NA,NA,NA,NA,NA,204.666428571429,211.099310344828,1355.54965517241,1493.58206896552,1472.49642857143,1508.30206896552,1495.58275862069,84.9,NA,171.3,1386.98,16.64,634.98,NA,NA,NA,NA,NA
"151",21206190,NA,NA,NA,NA,NA,NA,NA,NA,NA,NA,NA,NA,NA,NA,NA,NA,17.4,556.9,NA,NA,NA,NA,NA,NA,NA,NA,NA,NA,NA,NA,NA,NA,NA,NA
"152",21206210,NA,NA,NA,NA,NA,NA,NA,NA,NA,NA,NA,NA,NA,NA,NA,NA,142.3,1071.37,182.3,NA,NA,189.52,698.54,NA,NA,NA,NA,NA,NA,NA,NA,NA,NA,NA
"153",21206220,NA,NA,NA,NA,NA,NA,NA,NA,NA,NA,NA,NA,NA,NA,NA,NA,115.04,901.637142857143,952.510517241379,NA,NA,94.2,NA,NA,NA,NA,NA,155.52,993.26,1105.44857142857,782.06,NA,NA,NA
"154",21206230,NA,NA,NA,NA,NA,NA,NA,NA,NA,NA,NA,NA,NA,NA,NA,NA,110.1,763.18,769.88,753.695172413793,722.871034482759,742.8,777.18,NA,96.62,NA,NA,NA,NA,NA,NA,NA,NA,NA
"155",21206260,NA,NA,NA,NA,NA,NA,NA,NA,NA,NA,NA,NA,NA,NA,NA,NA,128.82,813.724444444444,710.78,NA,117.866428571429,637.68,NA,126.4,619.420689655172,522.22,794.636551724138,645.32,697.975862068966,794.192068965517,NA,69.28,380.44,NA
"156",21206280,NA,NA,NA,NA,NA,NA,NA,NA,NA,NA,NA,NA,NA,NA,NA,NA,78.895,277.34,515.248965517241,611.319310344827,68.94,519.586666666667,573.149778325123,680.28,592.455714285714,559.66,632.6,466.04,635.419326765189,69.02,78,NA,NA,NA
"157",21206490,NA,NA,NA,NA,NA,NA,NA,NA,NA,NA,NA,NA,NA,NA,NA,NA,NA,NA,NA,NA,NA,NA,NA,NA,NA,NA,NA,NA,NA,NA,NA,NA,NA,NA
"158",21206500,NA,NA,NA,NA,NA,NA,NA,NA,NA,NA,NA,NA,NA,NA,NA,NA,189.62,1170.68,4.12,NA,NA,NA,NA,NA,NA,NA,NA,NA,NA,NA,NA,NA,NA,NA
"159",21206510,NA,NA,NA,NA,NA,NA,NA,NA,NA,NA,NA,NA,NA,NA,NA,NA,59,382.14,NA,NA,NA,NA,NA,NA,NA,NA,NA,NA,NA,NA,NA,NA,NA,NA
"160",21206550,NA,NA,NA,NA,NA,NA,NA,NA,NA,NA,NA,NA,NA,NA,NA,NA,82.2164285714286,561.62027093596,864.72,NA,85.38,550.22,NA,NA,NA,NA,NA,NA,NA,NA,NA,NA,NA,NA
"161",21206560,NA,NA,NA,NA,NA,NA,NA,NA,NA,NA,NA,NA,NA,NA,NA,NA,99.02,160.9,1159.73428571429,1121.99123152709,37.46,NA,146,12.54,17.38,81.1,151.32,1020.72642857143,NA,NA,180.02,1180.92068965517,NA,NA
"162",21206570,NA,NA,NA,NA,NA,NA,NA,NA,NA,NA,NA,NA,NA,NA,NA,NA,NA,NA,NA,NA,NA,NA,NA,NA,NA,150.42,896.603743842365,74.3,450.56,NA,NA,NA,NA,NA
"163",21206600,NA,NA,NA,NA,NA,NA,NA,NA,NA,NA,NA,NA,NA,NA,NA,NA,NA,NA,196.22,1188.06574712644,688.96,NA,NA,NA,96.34,602.7,703.8,770.304827586207,887.94,NA,23.64,235.77,NA,NA
"164",21206610,NA,NA,NA,NA,NA,NA,NA,NA,NA,NA,NA,NA,NA,NA,NA,NA,NA,NA,NA,NA,NA,33.3,NA,NA,NA,NA,NA,NA,NA,NA,NA,NA,NA,NA
"165",21206620,NA,NA,NA,NA,NA,NA,NA,NA,NA,NA,NA,NA,NA,NA,NA,NA,NA,NA,40.76,NA,NA,NA,21.7,12.76,NA,NA,135.137857142857,807.635172413793,768.567857142857,NA,NA,96.14,NA,NA
"166",21206630,NA,NA,NA,NA,NA,NA,NA,NA,NA,NA,NA,NA,NA,NA,NA,NA,NA,NA,NA,NA,NA,NA,NA,NA,23.3,599.753103448276,1098.62482758621,900.340714285714,112.04,120.4,NA,NA,NA,NA
"167",21206640,NA,NA,NA,NA,NA,NA,NA,NA,NA,NA,NA,NA,NA,NA,NA,NA,NA,NA,103.3,491.92,172.84,129.96,372.08,NA,19.18,NA,NA,NA,NA,NA,NA,NA,NA,NA
"168",21206650,NA,NA,NA,NA,NA,NA,NA,NA,NA,NA,NA,NA,NA,NA,NA,NA,NA,NA,NA,NA,NA,NA,15.08,3.44,0.359999999999999,-9.98,183.64,120.001428571429,198.040238095238,NA,-17.98,88.9064285714285,NA,NA
"169",21206660,NA,NA,NA,NA,NA,NA,NA,NA,NA,NA,NA,NA,NA,NA,NA,NA,NA,NA,113.4,630.72,NA,NA,50.24,NA,NA,NA,88.84,833.624444444445,1184.18,1263.8,1199.7,NA,NA,NA
"170",21206670,NA,NA,NA,NA,NA,NA,NA,NA,NA,NA,NA,NA,NA,NA,NA,NA,NA,NA,NA,NA,NA,10.74,NA,22.02,7.54,NA,NA,NA,NA,NA,NA,NA,NA,NA
"171",21206680,NA,NA,NA,NA,NA,NA,NA,NA,NA,NA,NA,NA,NA,NA,NA,NA,NA,NA,54.42,NA,99.4,75.06,NA,NA,NA,NA,NA,NA,NA,NA,NA,NA,NA,NA
"172",21206690,NA,NA,NA,NA,NA,NA,NA,NA,NA,NA,NA,NA,NA,NA,NA,NA,NA,NA,NA,56.24,10.18,NA,NA,NA,38.26,632,99.44,511.080714285714,646.9,812.44275862069,719.423448275862,NA,NA,NA
"173",21206700,NA,NA,NA,NA,NA,NA,NA,NA,NA,NA,NA,NA,NA,NA,NA,NA,NA,NA,NA,NA,NA,NA,NA,NA,NA,NA,NA,NA,NA,NA,NA,NA,NA,NA
"174",21206970,NA,NA,NA,NA,NA,NA,NA,NA,NA,NA,NA,NA,NA,NA,NA,NA,NA,NA,NA,NA,NA,NA,NA,NA,NA,126.92,NA,122.161379310345,878.88,771.289285714286,NA,NA,NA,NA
"175",21215080,NA,NA,NA,NA,NA,NA,NA,NA,NA,NA,NA,NA,NA,NA,NA,NA,567.22,3778.3,3559.0475862069,3278.77285714286,2428.48,541.516551724138,3332.94433497537,3542.05528188287,3551.57674876847,3317.32357142857,3820.16743842365,3537.8,NA,NA,NA,NA,NA,NA
"176",21215100,NA,NA,NA,NA,NA,NA,NA,NA,NA,NA,NA,NA,NA,NA,NA,NA,273.52,1864.2,1870.86,1987.1,1745.06,1905.56,1810.32,1903.10965517241,1928.86,1867.4,NA,NA,NA,NA,NA,NA,NA,NA
"177",21215130,NA,NA,NA,NA,NA,NA,NA,NA,NA,NA,NA,NA,NA,NA,NA,NA,182.32,1263.78,1220.1,1197,1202.58,1211,1260.9,1170.84,1265.5,1252.41714285714,1365.64071428571,1315.73,1272.70206896552,NA,NA,NA,NA,NA
"178",21215140,NA,NA,NA,NA,NA,NA,NA,NA,NA,NA,NA,NA,NA,NA,NA,NA,615.42,NA,603.944137931034,4163.6,3961,4028.74896551724,2487.68,NA,NA,NA,NA,NA,NA,NA,NA,NA,NA,NA
"179",21235010,NA,NA,NA,NA,NA,NA,NA,NA,NA,NA,NA,NA,NA,NA,NA,NA,553.72,3718.46,3960.30222222222,3979.52413793103,3642.42,3725.51485221675,3550.77965517241,465.4,3357.95393267652,3032.60642857143,3585.95428571429,3698.6333497537,NA,NA,NA,NA,NA,NA
"180",21245010,NA,NA,NA,NA,NA,NA,NA,NA,NA,NA,NA,NA,NA,NA,NA,NA,378.66,2532.48,2612.68,2917.88142857143,2451.82,2247.04,2610.23724137931,2818.68376847291,2537.24418719212,2874.10371921182,2479.14,2737.54,NA,NA,NA,NA,NA,NA
"181",21245040,NA,NA,NA,NA,NA,NA,NA,NA,NA,NA,NA,NA,NA,NA,NA,NA,436.12,2933.7,3031.38,3049.38,3012.6,3074.6,3049.36,3058.88,2917.9,2874.9,3101.36,2906.48,3000.38,455.82,NA,NA,NA,NA
"182",21245090,NA,NA,NA,NA,NA,NA,NA,NA,NA,NA,NA,NA,NA,NA,NA,NA,NA,NA,-56.5589655172414,NA,NA,NA,NA,NA,NA,NA,NA,NA,NA,NA,NA,NA,NA,NA
"183",21245140,NA,NA,NA,NA,NA,NA,NA,NA,NA,NA,NA,NA,NA,NA,NA,NA,NA,NA,NA,NA,NA,NA,NA,153.590769230769,NA,143.66,195.888,923.856428571429,1091.59595238095,141.76,NA,NA,NA,NA
"184",21255080,NA,NA,NA,NA,NA,NA,NA,NA,NA,NA,NA,NA,NA,NA,NA,NA,610.52,NA,603.944137931034,4163.6,3960.8,4028.74896551724,3449.76,4033.04,3880.16,3851.64071428571,3993.92556650246,3887.63517241379,3937.84551724138,NA,NA,NA,NA,NA
"185",21255090,NA,NA,NA,NA,NA,NA,NA,NA,NA,NA,NA,NA,NA,NA,NA,NA,599.72,3981.18,4099.68,4127.73793103448,3906.85586206897,3895.48,3737.18,3860.00967980296,3694.1,3353.73724137931,4030.68977832512,585.23724137931,3918.34,NA,NA,NA,NA,NA
"186",21255110,NA,NA,NA,NA,NA,NA,NA,NA,NA,NA,NA,NA,NA,NA,NA,NA,63.98,539.4,656.08,659.505714285714,492.348888888889,561.269463601532,95.0592857142857,82.84,334.326666666667,442.024444444444,90.52,NA,65.08,NA,NA,NA,NA,NA
"187",21255120,NA,NA,NA,NA,NA,NA,NA,NA,NA,NA,NA,NA,NA,NA,NA,NA,206.12,1403.56,1527.00482758621,1510.81448275862,1404.68620689655,1480.57724137931,1433.60714285714,1532.62177339901,1419.08,1408.04,1645.63142857143,1442.41928571429,NA,NA,NA,NA,NA,NA
"188",21255140,NA,NA,NA,NA,NA,NA,NA,NA,NA,NA,NA,NA,NA,NA,NA,NA,506.22,523.3,556.92,NA,465.44,3246.55777777778,2915.73777777778,NA,100.42,578.548571428571,513.42,3535.48566502463,3146.72,NA,NA,NA,NA,NA
"189",21255150,NA,NA,NA,NA,NA,NA,NA,NA,NA,NA,NA,NA,NA,NA,NA,NA,502.98,3709.54,3682.16,3830.64,3912.66,3950.75448275862,3989.24,3915.02,3827.24,NA,573.267692307692,3726.12714285714,3777.9,NA,NA,NA,NA,NA
"190",22015010,NA,NA,NA,NA,NA,NA,NA,NA,NA,NA,NA,NA,NA,NA,NA,NA,162.68,1256.73098901099,186.66,1105.22412698413,186.514615384615,1238.96177339901,NA,NA,NA,NA,NA,NA,NA,NA,NA,NA,NA,NA
"191",22015020,NA,NA,NA,NA,NA,NA,NA,NA,NA,NA,NA,NA,NA,NA,NA,NA,336.58,2633.96137931034,2767.65931034483,2728.62965517241,2906.91379310345,2879.3,2949.06965517241,2854.31172413793,2891.58,2846.34103448276,2857.12,2867.48053639847,2876.02,NA,NA,NA,NA,NA
"192",22025010,NA,NA,NA,NA,NA,NA,NA,NA,NA,NA,NA,NA,NA,NA,NA,NA,358.783703703704,2598.72,NA,NA,NA,NA,NA,NA,NA,NA,NA,NA,NA,NA,NA,NA,NA,NA
"193",22045010,NA,NA,NA,NA,NA,NA,NA,NA,NA,NA,NA,NA,NA,NA,NA,NA,393.48,2963.52,2882.12,2927.32,2920.24,2934.63950738916,3006.46,3222.12,3181.22689655172,3094.44620689655,3251.52,3203.34,3139.32896551724,NA,NA,NA,NA,NA
"194",22045020,NA,NA,NA,NA,NA,NA,NA,NA,NA,NA,NA,NA,NA,NA,NA,NA,370.68,2948.22,3074.54,3031.22,3044.02,3017,3058.62,2933.23655172414,2959.14,2827.28,2610.04551724138,NA,409.16,NA,NA,NA,NA,NA
"195",22055020,NA,NA,NA,NA,NA,NA,NA,NA,NA,NA,NA,NA,NA,NA,NA,NA,466.298518518519,3501.3,3691.52,479.16,2895.41285714286,3420.575,3414.96,3341.9724137931,3284.3,3172.58,3379.09931034483,3280.12,441.18,434.96,NA,NA,NA,NA
"196",22055030,NA,NA,NA,NA,NA,NA,NA,NA,NA,NA,NA,NA,NA,NA,NA,NA,481.98,3554.5,3693.94,3942.82,558.28,3870.2,3915.76,3844.16,3410.78,NA,NA,NA,NA,NA,NA,NA,NA,NA
"197",22065040,NA,NA,NA,NA,NA,NA,NA,NA,NA,NA,NA,NA,NA,NA,NA,NA,299.68,2328.40923076923,338.56,2480.94,2541.56155172414,2460.28615384615,2533.94689655172,2475.02,2382.92,2316.22,2507.82,2414.22896551724,2342.76827586207,NA,NA,NA,NA,NA
"198",22075030,NA,NA,NA,NA,NA,NA,NA,NA,NA,NA,NA,NA,NA,NA,NA,NA,187.254074074074,1379.3,1576.19379310345,1610.50965517241,1550.66,1215.08,1316.87571428571,1168.29,1340.44,1435.79857142857,1547.71945812808,1608.15862068966,1483.85915708812,NA,NA,NA,NA,NA
"199",22075040,NA,NA,NA,NA,NA,NA,NA,NA,NA,NA,NA,NA,NA,NA,NA,NA,407.16,NA,NA,NA,NA,NA,NA,NA,NA,NA,NA,NA,NA,NA,NA,NA,NA,NA
"200",23015040,NA,NA,NA,NA,NA,NA,NA,NA,NA,NA,NA,NA,NA,NA,NA,NA,453.48,3121.12586206897,3609.80669950739,3555.85555555556,3353.27448275862,3484.844,3616.54132019704,3552.33533004926,3513.6,3470.42772413793,NA,NA,NA,NA,NA,NA,NA,NA
"201",23025020,NA,NA,NA,NA,NA,NA,NA,NA,NA,NA,NA,NA,NA,NA,NA,NA,510.78,3815.432,4052.55142857143,3980.18071428571,3255.15310344828,3181.23785714286,2671.9,2718.85555555556,3422.01214285714,3148.79068965517,3399.39586206897,3755.96330680813,NA,NA,NA,NA,NA,NA
"202",23025040,NA,NA,NA,NA,NA,NA,NA,NA,NA,NA,NA,NA,NA,NA,NA,NA,406.365185185185,2950.61220032841,2742.54985221675,2764.48714285714,2727.46,3147.53959075407,3233.48222222222,3252.76,3224.40803959132,3049.66,3210.93206896552,3247.99428571429,3255.54,NA,NA,NA,NA,NA
"203",23035020,NA,NA,NA,NA,NA,NA,NA,NA,NA,NA,NA,NA,NA,NA,NA,NA,525.48,3936.12,4103.64,4129.62,4100.16,3977.24,504.54,3844.16881773399,3499.95777777778,3678.22841269841,3708.37384615385,3930.62,3288.9937164751,NA,NA,NA,NA,NA
"204",23055040,NA,NA,NA,NA,NA,NA,NA,NA,NA,NA,NA,NA,NA,NA,NA,NA,244.48,1960.52,2105.14,2133.14,2145.24,2094.27448275862,2103.32,2106.25,1972.36341269841,1668.98,2075.58,1977.89736263736,1900.34413793103,253.34,NA,NA,NA,NA
"205",23065060,NA,NA,NA,NA,NA,NA,NA,NA,NA,NA,NA,NA,NA,NA,NA,NA,113.18,1069.88,1225.44394417077,1156.87310344828,896.86,856.964285714286,985.769285714286,1072.55376847291,1022.70518518519,909.863076923077,1095.80444444444,127.88,1110.77026819923,NA,NA,NA,NA,NA
"206",23065100,NA,NA,NA,NA,NA,NA,NA,NA,NA,NA,NA,NA,NA,NA,NA,NA,73.76,719.811199317923,807.628165971959,825.176074270557,NA,98.04,838.731111111111,687.699285714286,596.4,573.636,775.726513409962,71.78,510.82,NA,NA,NA,NA,NA
"207",23065110,NA,NA,NA,NA,NA,NA,NA,NA,NA,NA,NA,NA,NA,NA,NA,NA,308.28,2204.39252216749,2254.21539977264,1888.13650246305,1923.26,316.736,1872.00965517241,2596.16,235.56,1885.12285714286,334.836923076923,218.62,NA,NA,310.46,2418.82,NA,NA
"208",23065120,NA,NA,NA,NA,NA,NA,NA,NA,NA,NA,NA,NA,NA,NA,NA,NA,186.78,1555.62714285714,1484.22,921.043607427056,936.285238095238,1078.12,1250.32,1266.33888888889,1354.76214285714,1412.10945812808,NA,188.483076923077,1477.09921182266,NA,162.28,NA,NA,NA
"209",23065200,NA,NA,NA,NA,NA,NA,NA,NA,NA,NA,NA,NA,NA,NA,NA,NA,NA,NA,NA,NA,NA,NA,NA,NA,NA,NA,401.06,283.26,2592.78529100529,2878.81571428571,NA,NA,NA,NA
"210",23075010,NA,NA,NA,NA,NA,NA,NA,NA,NA,NA,NA,NA,NA,NA,NA,NA,352.94,2633,2662.74,3351.6669154983,333.86,2530.66,2862.72206896552,2587.52888888889,2328.4,2324.72,1836.66,NA,NA,NA,NA,NA,NA,NA
"211",23085030,NA,NA,NA,NA,NA,NA,NA,NA,NA,NA,NA,NA,NA,NA,NA,NA,243.28,1915.44,1985.22,2034.32,2039.83428571429,2083.38581280788,2084.04,2024.32,1975.92,1994.14,2037.90687423687,1944.86428571429,1993.42827586207,2060.22137931034,2099.44,2163.54,2175.04,NA
"212",23085040,NA,NA,NA,NA,NA,NA,NA,NA,NA,NA,NA,NA,NA,NA,NA,NA,186.66,1435.1,1514.34,1480.22,1479.64,1401.86137931035,1529.94,1492.512,1443.10238095238,1503.9,1573.10153846154,1667.32,1498.19417624521,1537.90275862069,NA,NA,NA,NA
"213",23085080,NA,NA,NA,NA,NA,NA,NA,NA,NA,NA,NA,NA,NA,NA,NA,NA,375.26,403.46,2997.92,NA,426.557777777778,2766.65847619048,2677.23571428571,2829.44119047619,320.78,2768.776,434.86,3005.76774535809,2798.92625994695,2443.39642857143,NA,390.190769230769,2477.85379310345,NA
"214",23085110,NA,NA,NA,NA,NA,NA,NA,NA,NA,NA,NA,NA,NA,NA,NA,NA,204.86,1743.43538461538,1813.3461302682,1813.08206896552,243.38,228.46,NA,231.66,1721.02,1712.52,1780.3,1815.81214285714,1723.32827586207,1708.82206896552,1888.58,1891.72,1993.86,NA
"215",23085140,NA,NA,NA,NA,NA,NA,NA,NA,NA,NA,NA,NA,NA,NA,NA,NA,324.18,2494.32,2594.24,2570.74,2608.96,2589.6,2580.74,2563.34482758621,2538.86,2394,2545.92,2489.1,2429.43310344828,2468.12714285714,2521.14,2619.84,2690.56,NA
"216",23085160,NA,NA,NA,NA,NA,NA,NA,NA,NA,NA,NA,NA,NA,NA,NA,NA,201.98,1664.34,1731.42,1648,1726.92,1697.58034482759,1725.70344827586,1672.43714285714,1584.49395604396,1365.44,1670.50857142857,1660.91448275862,1479.64285714286,1500.78352216749,1624.93064039409,1728.80413793103,1832.24273125342,NA
"217",23085200,NA,NA,NA,NA,NA,NA,NA,NA,NA,NA,NA,NA,NA,NA,NA,NA,176.78,1454.54,1520.64,1542.52,1575.76,1551.7,1590.14,1523.04,1488.52,1416.04,1579.62,1573.74,1485.94,1512.52,1589.02,1605.84,1716.16,NA
"218",23085210,NA,NA,NA,NA,NA,NA,NA,NA,NA,NA,NA,NA,NA,NA,NA,NA,278.34,1926.16,2211.63777777778,261.38,2045.62,358.744615384615,2620.78,2221.70285714286,2594.72,2537.22,2695.82554187192,2724.94,NA,NA,NA,NA,NA,NA
"219",23085220,NA,NA,NA,NA,NA,NA,NA,NA,NA,NA,NA,NA,NA,NA,NA,NA,399.32,2642.14,2765.82071428571,NA,400.32,2720.68,2695.56,2769.4,2630.88,2546.68,2724.5,2567.3,2601.18,2655.24827586207,2696.5,2720.6,NA,NA
"220",23095010,NA,NA,NA,NA,NA,NA,NA,NA,NA,NA,NA,NA,NA,NA,NA,NA,528.88,3966.54,4045.74,3984.50960591133,4103.87047254151,3728.78239316239,3902.80302197802,3846.7,3861.76,3758.94,3904.09384615385,3923.52,3836.23724137931,520.76,3354.32,NA,NA,NA
"221",23105030,NA,NA,NA,NA,NA,NA,NA,NA,NA,NA,NA,NA,NA,NA,NA,NA,336.78,2606.34,2706.74,2776.44,2410.43857142857,355.56,2760,2706.52,2778.46,2581.49660098522,2722.95310344828,2835.94,2699.34,2849.52,2871.52,2930.62,2672.4,NA
"222",23115010,NA,NA,NA,NA,NA,NA,NA,NA,NA,NA,NA,NA,NA,NA,NA,NA,464.78,3739.82,3868.12,3884.03655172414,3806.66,3820.92,3922.10888888889,3774.96689655172,3782.96,NA,550.928,NA,520.78,NA,NA,NA,NA,NA
"223",23125040,NA,NA,NA,NA,NA,NA,NA,NA,NA,NA,NA,NA,NA,NA,NA,NA,372.94,478.929230769231,3643.51230769231,3527.08,403.68,NA,257.9,NA,485.76,3018.64,NA,NA,NA,NA,NA,NA,NA,NA
"224",23125050,NA,NA,NA,NA,NA,NA,NA,NA,NA,NA,NA,NA,NA,NA,NA,NA,167.38,501.2,3277.43142857143,NA,544.58,NA,575.46,41.74,224.94,1822.66923076923,3917.56,3759.68697802198,3931.64,3971.15846153846,4013.74,4015.52172413793,3446.96,NA
"225",23125060,NA,NA,NA,NA,NA,NA,NA,NA,NA,NA,NA,NA,NA,NA,NA,NA,146.9,1005.42,1311,184.22,1357.04,NA,NA,246.16,231.08,1722.66,1975.12,1993.89357142857,1714.91,1889.42,1884.98,1883.99076923077,2089.44965517241,NA
"226",23125080,NA,NA,NA,NA,NA,NA,NA,NA,NA,NA,NA,NA,NA,NA,NA,NA,301.28,2385.28275862069,2464.6,2674.31418719212,2710.99354679803,2698.6378817734,2746.79559113301,2720.4,2708.52,2663.82,2769.02571428571,2653.64620689655,2580.90214285714,2640.28689655172,2717.19256157635,2787.42,2887.76,NA
"227",23125100,NA,NA,NA,NA,NA,NA,NA,NA,NA,NA,NA,NA,NA,NA,NA,NA,153.98,1230.72,1275.98551724138,1298.72142857143,NA,102.74,NA,154.54,1206.1524137931,1163.44461538462,1257.8,1262.84,1193.46,1232.04,1269.04,1298.94,1415.16,NA
"228",23125120,NA,NA,NA,NA,NA,NA,NA,NA,NA,NA,NA,NA,NA,NA,NA,NA,486.96,3750.20522167488,NA,504.26,NA,460.66,3634.34,3587.8,3682.48068965517,3616,3704.92,3611.3,513.98,3723.72,3764.50551724138,3749.42,548.28,NA
"229",23125130,NA,NA,NA,NA,NA,NA,NA,NA,NA,NA,NA,NA,NA,NA,NA,NA,330.46,2615.83,2665.83830049261,2687.33977832512,2626.14,2365.20699507389,2164.98,2278.64,2474.18559386973,2168.52444444444,2335.6480952381,NA,NA,NA,NA,NA,NA,NA
"230",23125140,NA,NA,NA,NA,NA,NA,NA,NA,NA,NA,NA,NA,NA,NA,NA,NA,317.68,2174.92482758621,2321.44,2161.38,2408.42,2478.92615384615,2539.42884236453,2653.44,2535.71517241379,2415.14,2628.34,2676.64,2520.54,2514.14,2617.94,2711.84,2862.06,NA
"231",23145020,NA,NA,NA,NA,NA,NA,NA,NA,NA,NA,NA,NA,NA,NA,NA,NA,278.62,1957.02,2476.95555555556,2275.7,2608,2019.24,271.58,317.82,2798.47655172414,1751.05103448276,2951.12307692308,2801.80666666667,2819.16599890531,3024.04,3127.25034482759,3157.14,3253.16,NA
"232",23155030,NA,NA,NA,NA,NA,NA,NA,NA,NA,NA,NA,NA,NA,NA,NA,NA,514.98,3790.62,3927.44,4007.94,3896.92,3930.34,3909.24,3875.74,3821.64,3772.42,3901.34,3843.64,3812.24,3888.94,3899.62,4009.74,4137.86,NA
"233",23155040,NA,NA,NA,NA,NA,NA,NA,NA,NA,NA,NA,NA,NA,NA,NA,NA,490.18,3588.52945054945,3478.13066502463,2665.36,427.76,3276.32965517241,2934.68,3740.81021978022,3795.26444444444,3584.21103448276,3260.57931034483,3475.41571428571,3048.89958128079,3614.65379310345,3583.82,3451.23655172414,532.78,NA
"234",23175020,NA,NA,NA,NA,NA,NA,NA,NA,NA,NA,NA,NA,NA,NA,NA,NA,476.02,468.9,NA,461.22,475.22,477.42,2360.46482758621,3009.47915708812,3122.1,NA,459.42,3140.61015873016,3028.93103448276,3169.305,3193,3221.6,NA,NA
"235",23185010,NA,NA,NA,NA,NA,NA,NA,NA,NA,NA,NA,NA,NA,NA,NA,NA,535.072307692308,3499.10436507937,517.552,3694.04924137931,NA,517.46,3704.65,3417.26,3746.90787082649,3616.48,3744.02428571429,3746.2985790072,3553.54,3731.19357142857,3735.84411932129,2830.53440613027,3487.4605026455,NA
"236",23195040,NA,NA,NA,NA,NA,NA,NA,NA,NA,NA,NA,NA,NA,NA,NA,NA,360.78,2667.83857142857,2612.78,2845.35114285714,NA,NA,NA,NA,NA,NA,NA,NA,NA,NA,NA,NA,NA,NA
"237",23195090,NA,NA,NA,NA,NA,NA,NA,NA,NA,NA,NA,NA,NA,NA,NA,NA,222.28,1662.62,1815.35627510421,1798.34,1730.96,1621.48643349754,222.38,1729.76923076923,1876.98,1857.94,NA,234.16,1849.34,1954.82620689655,249.44,1967.70455938697,2075.72714285714,NA
"238",23195110,NA,NA,NA,NA,NA,NA,NA,NA,NA,NA,NA,NA,NA,NA,NA,NA,469.08,3367.18307692308,3502.27363395225,3145.12396825397,3481.30074270557,2803.11071428571,2182.58,299.48,1799.02,2566.52,3128.28035577449,3095.87682539683,1752.2,NA,429.26,3242.82,3357.46,NA
"239",23195130,NA,NA,NA,NA,NA,NA,NA,NA,NA,NA,NA,NA,NA,NA,NA,NA,304.68,2387.51655172414,2532.84,2567.34,2552.26,2523.02,2548.12,2488.04,2454.26,2380.74,2517.54,2511.24,2424.56,2483.24,2522.24,2579.44,2697.96,NA
"240",23195180,NA,NA,NA,NA,NA,NA,NA,NA,NA,NA,NA,NA,NA,NA,NA,NA,167.08,1443.47026819923,1495.59206896552,1419.67857142857,1635.82830049261,1679.26689655172,1596.5663546798,1581.16507389163,194.78,1554.78681318681,1573.89229064039,1610.10071428571,1527.74444444444,1494.10950191571,1476.82,1547.54857142857,1627.86,NA
"241",23195200,NA,NA,NA,NA,NA,NA,NA,NA,NA,NA,NA,NA,NA,NA,NA,NA,NA,NA,NA,141.22,202.9,1182.2,184.32,1397.02,1483.57867724868,1622.80703296703,1631.40689655172,1619.17214285714,1341.54137931034,1523.36,1701.32642857143,1646.53101970443,1866.75569968984,NA
"242",23205020,NA,NA,NA,NA,NA,NA,NA,NA,NA,NA,NA,NA,NA,NA,NA,NA,521.88,3806.74,3895.82,4056.82,4049.06,3839.94,3891.82,4006.02,3934.02,3356.46,NA,490.74,3777.12,3821.08,3913.94,3916.18,4024.74,NA
"243",23205030,NA,NA,NA,NA,NA,NA,NA,NA,NA,NA,NA,NA,NA,NA,NA,NA,286.88,3089.12333333333,3094.33571428571,2905.24329501916,1904.02,1859.7,3036.92911877395,3184.65586206897,3257.30666666667,3211.52,3359.30153846154,3254.81559113301,3174.94,3172.52,3318.22,3229.84,3004.28,NA
"244",23205050,NA,NA,NA,NA,NA,NA,NA,NA,NA,NA,NA,NA,NA,NA,NA,NA,NA,252.7,2144.52835164835,2334.14606896552,2188.36,2162.98,2279.64857142857,2231.636,2396.67967068053,2257.52,2349.41928571429,1874.48,1871.96,1902.94,1741.54,291.26,2043.52888888889,NA
"245",23215030,NA,NA,NA,NA,NA,NA,NA,NA,NA,NA,NA,NA,NA,NA,NA,NA,554.48,3912.63448275862,3679.47517241379,3883.54720306513,3965.61555555556,3293.39785714286,2255.42,3464.12,4012.08087301587,3473.91885714286,3621.318,3808.03735505873,NA,NA,NA,NA,NA,NA
"246",23215050,NA,NA,NA,NA,NA,NA,NA,NA,NA,NA,NA,NA,NA,NA,NA,NA,554.18,3795.72,3985.22571428571,3956.26,4007.61857142857,3851.65214285714,3941.04,3902.92,3873.49724137931,3880.7342364532,571.66,3994.57857142857,NA,NA,514.94,543.312,NA,NA
"247",24015090,NA,NA,NA,NA,NA,NA,NA,NA,NA,NA,NA,NA,NA,NA,NA,NA,161.154074074074,1193.03233442802,1005.1,1318.08,1348.66275862069,188.96,1393.44,1252.6,1270.34,1184.67384615385,1317.97333333333,1241.92142857143,1191.6924137931,1311.14,1406.5,1426.44,NA,NA
"248",24015120,NA,NA,NA,NA,NA,NA,NA,NA,NA,NA,NA,NA,NA,NA,NA,NA,12.68,872.42,922.089230769231,945.52,912.18,147.16,903.74,850.596551724138,953.07335978836,889.26,1054.34,1043.14,959.26,NA,159.96,NA,NA,NA
"249",24015220,NA,NA,NA,NA,NA,NA,NA,NA,NA,NA,NA,NA,NA,NA,NA,NA,99.18,744.62,121.66,826.34,808.98,821.22,719.76,NA,112.78,869.464137931034,928.54,945.44,866.1,899.6,976.22,965.5,NA,NA
"250",24015250,NA,NA,NA,NA,NA,NA,NA,NA,NA,NA,NA,NA,NA,NA,NA,NA,303.361481481481,2207.94746031746,2041.68,2418.8924137931,2407.24,2164.4,2472.44,2516.06071428571,2446.4,2378.76965517241,2387.48,2355.2381773399,2253.9,303.06,2298.23793103448,2273.76,2265.30071428571,NA
"251",24015260,NA,NA,NA,NA,NA,NA,NA,NA,NA,NA,NA,NA,NA,NA,NA,NA,396.78,2923.8,2951.4,3003.52,3020.36307692308,2928.09904761905,3006.97428571429,3044.38,2954.09555555556,NA,423.26,2928.46,2962.16,2963.72,2920.82,2929.2,2994.95034482759,NA
"252",24015270,NA,NA,NA,NA,NA,NA,NA,NA,NA,NA,NA,NA,NA,NA,NA,NA,169.102222222222,1298.53172413793,1380.36461538462,1388.98,1359.7,1312.495,936.64,1417.8031773399,1449.4557635468,1339.86547619048,1537.09857142857,1416.45555555556,1143.42344827586,NA,NA,NA,NA,NA
"253",24015280,NA,NA,NA,NA,NA,NA,NA,NA,NA,NA,NA,NA,NA,NA,NA,NA,219.641538461538,1246.02,1216.88,1286.736,1604.54895730706,1497.80659340659,1709.02416256158,1688.42,1669.64187192118,1601.9,1718.26,1681.07586206897,1353.06222222222,1528.74628078818,1359.44,1551.5204679803,209.24,NA
"254",24015300,NA,NA,NA,NA,NA,NA,NA,NA,NA,NA,NA,NA,NA,NA,NA,NA,170.68,1329.648,1448.04,1483.82,1473.08,1423.2,1567.98857142857,1478,1475.94,1389.75357142857,1616.02,1638.04,1488.86,1550.59857142857,1604.13333333333,1386.88642857143,NA,NA
"255",24015360,NA,NA,NA,NA,NA,NA,NA,NA,NA,NA,NA,NA,NA,NA,NA,NA,NA,NA,NA,NA,NA,NA,NA,NA,NA,NA,137.54,869.93,902.078850574713,950,1005.44,119.24,NA,NA
"256",24015370,NA,NA,NA,NA,NA,NA,NA,NA,NA,NA,NA,NA,NA,NA,NA,NA,NA,NA,NA,NA,NA,NA,NA,NA,NA,NA,NA,327.26,2402.9,2506.94,NA,NA,NA,NA
"257",24015380,NA,NA,NA,NA,NA,NA,NA,NA,NA,NA,NA,NA,NA,NA,NA,NA,NA,NA,NA,NA,NA,NA,NA,NA,NA,NA,NA,12.68,249.491428571429,NA,63.16,NA,NA,NA
"258",24025020,NA,NA,NA,NA,NA,NA,NA,NA,NA,NA,NA,NA,NA,NA,NA,NA,422.68,2982.36354679803,2835.21071428571,3186.77837438424,3177.16,3185.72,3181.23261083744,3103.49142857143,3225.54,NA,492.44,NA,NA,NA,NA,NA,NA,NA
"259",24025030,NA,NA,NA,NA,NA,NA,NA,NA,NA,NA,NA,NA,NA,NA,NA,NA,25.88,400.94,355.38,492.08,348.595555555556,510.641086691087,574.92,370.56,374.773793103448,308.859571428571,477.611083743842,459.434482758621,364.96,413.8,480.9,486.68,NA,NA
"260",24025040,NA,NA,NA,NA,NA,NA,NA,NA,NA,NA,NA,NA,NA,NA,NA,NA,234.68,1828.44,1919.24,1925.84,1896.06,1951.22,1902.16,2011.8215270936,2008.07357142857,1968.52,2011.69401477833,2045.24,1954.5,1986.34,2093.02,2105.85103448276,2173.56,NA
"261",24025050,NA,NA,NA,NA,NA,NA,NA,NA,NA,NA,NA,NA,NA,NA,NA,NA,212.2,266.24,1662.06,1901,NA,NA,294.46,1888.06222222222,1432,1923.93928571429,2548.54372413793,2455.71103448276,2417.95002463054,2531.02,2540.24,2596.88,2760.14714285714,NA
"262",24035010,NA,NA,NA,NA,NA,NA,NA,NA,NA,NA,NA,NA,NA,NA,NA,NA,38.3,415.757453580902,549.805935960591,561.751111111111,575.699310344828,546.92,84.16,560.239285714286,507.12,446.3,483.98,587.82,436.02,509.22,532.56,518.48,458.188448275862,NA
"263",24035020,NA,NA,NA,NA,NA,NA,NA,NA,NA,NA,NA,NA,NA,NA,NA,NA,171.48,1075.38397499053,926.223129973475,NA,NA,112.672,1097.87497536946,817.950769230769,861.84,682.84,804.96,817.044137931035,550.36,596.36,671.8,777.064615384615,757.317857142857,NA
"264",24035040,NA,NA,NA,NA,NA,NA,NA,NA,NA,NA,NA,NA,NA,NA,NA,NA,82.78,530.627959454339,544.858571428571,648.482857142857,596.10462962963,687.033174603175,2.02,65.88,760.031111111111,758.32,897.44,941.42,619.54,567.74,524.724137931035,542.809285714286,NA,NA
"265",24035070,NA,NA,NA,NA,NA,NA,NA,NA,NA,NA,NA,NA,NA,NA,NA,NA,86.6133333333333,613.082142857143,644.543571428571,678.56354679803,702.748275862069,75.26,NA,94.16,614.2,580.226206896552,726.383015873016,708.168275862069,613.510079365079,562.469285714286,NA,NA,NA,NA
"266",24035120,NA,NA,NA,NA,NA,NA,NA,NA,NA,NA,NA,NA,NA,NA,NA,NA,119.88,869.354630541872,962.10842364532,872.76,911.76,1091.34428571429,NA,115.78,1085.18571428571,1049.2,1107.83556650246,1195.74,968.6,1038.43517241379,978.565517241379,1118.46615384615,NA,NA
"267",24035130,NA,NA,NA,NA,NA,NA,NA,NA,NA,NA,NA,NA,NA,NA,NA,NA,93.88,627.34,651.74,672.866666666667,707.54,691.34,773.44,659.14,685.36,659.24,726.94,782.6,656.767142857143,607.368275862069,727.02,700.82,NA,NA
"268",24035140,NA,NA,NA,NA,NA,NA,NA,NA,NA,NA,NA,NA,NA,NA,NA,NA,NA,NA,NA,NA,NA,NA,NA,NA,NA,NA,NA,NA,NA,NA,NA,NA,NA,NA
"269",24035150,NA,NA,NA,NA,NA,NA,NA,NA,NA,NA,NA,NA,NA,NA,NA,NA,120.06,890.396923076923,1129.20355555556,1238.05211001642,1398.26,1430.14,1449.84,1372.07862068966,1399.66357142857,1351.96,1439.24,1451.68,1399.53,1307.06,1367.46,178.16,1169.94,NA
"270",24035170,NA,NA,NA,NA,NA,NA,NA,NA,NA,NA,NA,NA,NA,NA,NA,NA,102.52,755.88,909.715555555556,890.727783251231,147.82,1187.3,1175.49428571429,1162.78,1096.5,1175.78,1215.4,1185.6,1182.2,1073.8,785.4,133.52,NA,NA
"271",24035180,NA,NA,NA,NA,NA,NA,NA,NA,NA,NA,NA,NA,NA,NA,NA,NA,117.32,868.26,971.704802955665,NA,NA,NA,NA,NA,NA,NA,NA,NA,NA,NA,NA,NA,NA,NA
"272",24035240,NA,NA,NA,NA,NA,NA,NA,NA,NA,NA,NA,NA,NA,NA,NA,NA,-105.98,-684.830191570881,-619.06,-509.329655172414,-548.853571428572,-601.08275862069,NA,-70.84,-612.66,-890.253251231527,-535.52,-95.18,-622.565714285714,NA,-71.94,NA,NA,NA
"273",24035250,NA,NA,NA,NA,NA,NA,NA,NA,NA,NA,NA,NA,NA,NA,NA,NA,27,171.179556650246,326.06,363.702068965517,326.2,315.915714285714,292.28,42.72,270.753344280241,276.52,371.517931034483,273.031428571429,236.86,NA,46.7,NA,NA,NA
"274",24035260,NA,NA,NA,NA,NA,NA,NA,NA,NA,NA,NA,NA,NA,NA,NA,NA,463,3214.32714285714,3121.29,3539,3234.9,3436.88,NA,510.22,471.8,3344.38,3450.48,3190.56896551724,3254.68,3356.9,3311.20935960591,3327.46,NA,NA
"275",24035270,NA,NA,NA,NA,NA,NA,NA,NA,NA,NA,NA,NA,NA,NA,NA,NA,87.24,573.72,NA,94.9027586206897,745.637142857143,736.796428571429,NA,NA,NA,NA,NA,NA,NA,NA,NA,NA,NA,NA
"276",24035310,NA,NA,NA,NA,NA,NA,NA,NA,NA,NA,NA,NA,NA,NA,NA,NA,223.709285714286,1311.68620689655,1486.67428571429,201.52,1340.84357142857,1392.54857142857,1516.14,1496.275,1306.36,1339.74071428571,1490.92,1339.04,1400.74,1390.56214285714,227.7,1611.9,NA,NA
"277",24035320,NA,NA,NA,NA,NA,NA,NA,NA,NA,NA,NA,NA,NA,NA,NA,NA,152.947586206897,1023.38301587302,1105.9,1011.56,1073.22137931034,1117.9,1092.58,1072.14,1024.88,1052.06,1068.34214285714,1088,1128.38275862069,1182.18,1172.26,1128.14,NA,NA
"278",24035330,NA,NA,NA,NA,NA,NA,NA,NA,NA,NA,NA,NA,NA,NA,NA,NA,168.22,1350.38,1594.94285714286,1549.14408866995,1508.17857142857,1479.7639408867,1548.3,1570.44039408867,1415.08206896552,1472.78,1604.06,1372.17379310345,1382.06,1599.07234537493,1573.4524137931,1633.43931034483,NA,NA
"279",24035340,NA,NA,NA,NA,NA,NA,NA,NA,NA,NA,NA,NA,NA,NA,NA,NA,114.52,817.079310344828,903.140714285714,807.89,794.6,903.5,893.528571428571,506.08,1059.5,1050.88,1091.84,1056.45,NA,68.31,NA,NA,NA,NA
"280",24035350,NA,NA,NA,NA,NA,NA,NA,NA,NA,NA,NA,NA,NA,NA,NA,NA,-28.38,-162.68,NA,-29.48,-41.8,-8.92000000000002,-9.72000000000003,-8.38,-34.68,-148.64,10.76,-67.62,NA,-15.78,5.1,21.9157142857143,NA,NA
"281",24035400,NA,NA,NA,NA,NA,NA,NA,NA,NA,NA,NA,NA,NA,NA,NA,NA,NA,NA,NA,NA,NA,NA,NA,108.82,607.97,571.645,795.515591133005,580.729507389163,640.88,764.98,749.96,761,NA,NA
"282",24035420,NA,NA,NA,NA,NA,NA,NA,NA,NA,NA,NA,NA,NA,NA,NA,NA,NA,NA,NA,NA,NA,NA,NA,NA,NA,NA,97.92,697.84,732.48,611.410714285714,669.78,NA,NA,NA
"283",24055030,NA,NA,NA,NA,NA,NA,NA,NA,NA,NA,NA,NA,NA,NA,NA,NA,285.72,1960.39655172414,1961.23793103448,1905.1,1775.88,1679.50571428571,1740.65448275862,NA,258.82,1513.58,1913.91379310345,1710.03995073892,1678.28,1697.81586206897,2017.16886699507,1960.69955665025,NA,NA
"284",24055040,NA,NA,NA,NA,NA,NA,NA,NA,NA,NA,NA,NA,NA,NA,NA,NA,507.630344827586,3445.69862068965,3503.38,3441.22888888889,3304.83862068966,3335.89165024631,3431.06263546798,3467.30477832512,3348.92,3385.86,3526.78,3290.21,3241.02137931035,3395.78337164751,3452.70206896552,3437.75618226601,NA,NA
"285",24065010,NA,NA,NA,NA,NA,NA,NA,NA,NA,NA,NA,NA,NA,NA,NA,NA,562,3956.53428571429,4007.43285714286,3967.36201970443,3664.9275862069,3999.78,3934.44,4068.4,4044.02413793103,592.52,4031.32068965517,NA,NA,NA,NA,NA,NA,NA
"286",24065030,NA,NA,NA,NA,NA,NA,NA,NA,NA,NA,NA,NA,NA,NA,NA,NA,NA,362.1,2711.76,2785.38,2015.34,2739.46,2513.88,475.02,2482.94,543.82,514.3,NA,NA,NA,NA,NA,NA,NA
"287",25015010,NA,NA,NA,NA,NA,NA,NA,NA,NA,NA,NA,NA,NA,NA,NA,NA,522.42,3587.47517241379,3724.51,3749.09928571429,3764.92,3678.24620689655,3718.92,3838.78812807882,3497.6,3833.2,3670.53111111111,3975.1,3780.3,581.92,3986.5,3996.3,NA,NA
"288",25025020,NA,NA,NA,NA,NA,NA,NA,NA,NA,NA,NA,NA,NA,NA,NA,NA,581.82,3976.2,4021.72,3968.58,3626.35586206897,258.6,3423.32,3646.96,3788.98,3929.28,4056.36,3828.9,3924,606.7,4094.36,4161.7,NA,NA
"289",25025080,NA,NA,NA,NA,NA,NA,NA,NA,NA,NA,NA,NA,NA,NA,NA,NA,540.22,3631.17111111111,3831.58,3835.16,3793.78,543.6,3752.95402298851,3819.6,3689.4,NA,519.02,3511.8,3680.6,3818.79071428571,3773.76,3207.1,NA,NA
"290",25025090,NA,NA,NA,NA,NA,NA,NA,NA,NA,NA,NA,NA,NA,NA,NA,NA,573.92,3871.98,3958.5,4110.48,4022,3987.41379310345,3864.86,3932.56,492.54,3650.98428571429,3908.37061576355,3786.59285714286,3874.5,4011.36,4114.46,4129.56,NA,NA
"291",25025100,NA,NA,NA,NA,NA,NA,NA,NA,NA,NA,NA,NA,NA,NA,NA,NA,560.82,3775.56,3911.58,NA,NA,560.02,580.52,3844.87931034483,3496.36214285714,NA,525,3713.69310344828,NA,578.62,657.42,3920.48,2907.32,NA
"292",25025150,NA,NA,NA,NA,NA,NA,NA,NA,NA,NA,NA,NA,NA,NA,NA,NA,528.22,3684.66,3704.49793103448,3915.5974137931,3946.64904761905,4119.75320197044,3754.4,3500.71862068965,2858.50268472906,3488.31586206897,3976.91714285714,3787.08,3745.84,583.92,3894.66,3899.08,NA,NA
"293",25025160,NA,NA,NA,NA,NA,NA,NA,NA,NA,NA,NA,NA,NA,NA,NA,NA,501.52,3579.39724137931,3745.11357142857,3917.3945320197,3941.86,3577.455,516.4,481.74,3510.82827586207,3631.36,3661.78,3588.18,3468.92551724138,3475.66,3623.08,NA,NA,NA
"294",25025170,NA,NA,NA,NA,NA,NA,NA,NA,NA,NA,NA,NA,NA,NA,NA,NA,538.82,543.62,3705.5,3750.8,3620.7,3677.8,3612.14,3693.91928571429,3541.96714285714,3562.86,3710.58,3527.62827586207,3563.44,538.5,3628.28738916256,3665.97448275862,NA,NA
"295",25025180,NA,NA,NA,NA,NA,NA,NA,NA,NA,NA,NA,NA,NA,NA,NA,NA,554.52,3367.97,3284.07928571429,3469.49785714286,2876.14,506.34,NA,571.42,3540.94857142857,3790.9324137931,3833.64669950739,3886.93517241379,3805.34,566.42,4082.52027093596,3932,2784.159969896,NA
"296",25025190,NA,NA,NA,NA,NA,NA,NA,NA,NA,NA,NA,NA,NA,NA,NA,NA,506.4,3461.76,3700.4,3769.36,3699.36,575.62,3723.66,3657.02714285714,3710.74,3546.47448275862,3801.54,3693.28,3757.68571428571,569.82,3793.76,3915.7,NA,NA
"297",25025210,NA,NA,NA,NA,NA,NA,NA,NA,NA,NA,NA,NA,NA,NA,NA,NA,554.48,3471.56,NA,NA,554.98,3997.9,3498.78,NA,NA,NA,451.36,3765.03793103448,3862.34,4012.22,3999.86142857143,4195.42,NA,NA
"298",25025230,NA,NA,NA,NA,NA,NA,NA,NA,NA,NA,NA,NA,NA,NA,NA,NA,508.78,3765.21121510673,3808.89555555556,3868.94,3244.66,NA,NA,NA,NA,NA,NA,NA,NA,NA,NA,NA,NA,NA
"299",25025240,NA,NA,NA,NA,NA,NA,NA,NA,NA,NA,NA,NA,NA,NA,NA,NA,554.38,4040.5,4049.93793103448,4203.30071428571,4148.32,4253.1,4161.89384615385,3714.6084729064,NA,NA,NA,NA,NA,NA,NA,NA,NA,NA
"300",25025250,NA,NA,NA,NA,NA,NA,NA,NA,NA,NA,NA,NA,NA,NA,NA,NA,532.88,3860.52,3993.78785714286,4115.51931034483,4008.46,3954.22,4002.64,3927.21571428571,584.38,3823,3626.36,2914.96,3320.13714285714,NA,567.06,3965.32,NA,NA
"301",25025270,NA,NA,NA,NA,NA,NA,NA,NA,NA,NA,NA,NA,NA,NA,NA,NA,473.88,3572.29384615385,3551.01740537241,3377.83928571429,NA,487.96,3753.79357142857,3756.35325123153,3619.02,3544.02,3631.66,3640.73,3596.66,3653.24,3670.72,3668.24,3874.70814814815,NA
"302",25025300,NA,NA,NA,NA,NA,NA,NA,NA,NA,NA,NA,NA,NA,NA,NA,NA,570.58,3913.32,3589.58142857143,3891.73111111111,4024.74,531.913846153846,3712.70157142857,4060.52,3899.64714285714,3543.65202463054,3957.28214285714,3907.49931034483,3873.8715270936,3887.54285714286,4068.81507389163,4168.21333333333,NA,NA
"303",25025320,NA,NA,NA,NA,NA,NA,NA,NA,NA,NA,NA,NA,NA,NA,NA,NA,359.3,1932.72,2875.837,3581.95517241379,3498.67517241379,3841.34,4148.01428571429,3842.15034482759,3626.24,2072.6,3317.11518883415,3941.88416256158,3922.34,3638.06,3607.59034482759,3839.58,NA,NA
"304",25025330,NA,NA,NA,NA,NA,NA,NA,NA,NA,NA,NA,NA,NA,NA,NA,NA,422.26,3879.70024630542,4013.03305418719,4018.96428571429,569.087407407407,3314.3,3395.2,3486.80928571429,3623.67972948507,3591.63642857143,3777.04286808976,NA,381.4,3661.32023809524,569.26,NA,NA,NA
"305",26015020,NA,NA,NA,NA,NA,NA,NA,NA,NA,NA,NA,NA,NA,NA,NA,NA,NA,NA,NA,NA,NA,NA,NA,NA,NA,NA,NA,NA,NA,NA,NA,NA,NA,NA
"306",26025030,NA,NA,NA,NA,NA,NA,NA,NA,NA,NA,NA,NA,NA,NA,NA,NA,403.1,2798.62,2023.58,NA,NA,NA,NA,NA,NA,NA,NA,NA,NA,NA,NA,NA,NA,NA
"307",26025070,NA,NA,NA,NA,NA,NA,NA,NA,NA,NA,NA,NA,NA,NA,NA,NA,16.88,51.14,101.84,30.46,216.66,206.417551724138,121.889137931034,9.66,NA,NA,35.06,78.22,114.385977011494,71.1978571428571,131.261103448276,73.1718832891246,NA,NA
"308",26025090,NA,NA,NA,NA,NA,NA,NA,NA,NA,NA,NA,NA,NA,NA,NA,NA,201.76,1675.78461538462,1824.05448275862,1901.8924137931,1810.64,1783.4981773399,1901.17857142857,1652.88,1757.05571428571,1641.12,1816.7,1590.38,1630.49517241379,1769.48,1711.06,1797.66,1992.36222222222,NA
"309",26025100,NA,NA,NA,NA,NA,NA,NA,NA,NA,NA,NA,NA,NA,NA,NA,NA,239.28,1882.22,2001.44,1990.14,2033.06,2097.44,2044.82,2087.14,2003.56,1909.32,2119.22,2059.42,2007.76,2109.55793103448,2092.45103448276,2172.84,2305.76,NA
"310",26025110,NA,NA,NA,NA,NA,NA,NA,NA,NA,NA,NA,NA,NA,NA,NA,NA,NA,NA,NA,NA,411.88,2913.7,2971.14,2971.02,2917.56,2805.82,2976.44,2980.34,2939.96,3032.04,3060.24,3127.34,NA,NA
"311",26035030,NA,NA,NA,NA,NA,NA,NA,NA,NA,NA,NA,NA,NA,NA,NA,NA,234.08,1911.14,2020.74,277.16,2055.27111111111,2127.94,1805.84,1880.98,1794.52,1896.54,2082.44,1998.64,1947.06,2045.04,2047.80551724138,2119.84,1872.7,NA
"312",26035070,NA,NA,NA,NA,NA,NA,NA,NA,NA,NA,NA,NA,NA,NA,NA,NA,79.2022222222222,711.3,748.38,NA,NA,NA,NA,NA,NA,NA,NA,NA,NA,NA,NA,NA,NA,NA
"313",26045010,NA,NA,NA,NA,NA,NA,NA,NA,NA,NA,NA,NA,NA,NA,NA,NA,400.565185185185,2945.95024630542,2974.78,2922.5,NA,NA,398.56,2932.14,382.08,2816.74,NA,NA,426.98,3137.42,3180.94,3303.74,3394.16,NA
"314",26055070,NA,NA,NA,NA,NA,NA,NA,NA,NA,NA,NA,NA,NA,NA,NA,NA,316.36,2971.33724137931,432.86,3165.32,3162.86592592593,2944.02,2895.1,3065.05747252747,2751.98714285714,2848.05714285714,2994.10389162562,3074.89103448276,3083.00827586207,2965.90068965517,3094.78285714286,3143.02,3335.04285714286,NA
"315",26065010,NA,NA,NA,NA,NA,NA,NA,NA,NA,NA,NA,NA,NA,NA,NA,NA,371.88,2676.18,NA,395.36,400.88,390.190769230769,NA,411.513846153846,2936.75467980296,NA,411.76,2837.04,2785.38444444444,2748.12,NA,NA,NA,NA
"316",26065020,NA,NA,NA,NA,NA,NA,NA,NA,NA,NA,NA,NA,NA,NA,NA,NA,361.26,2788.90201970443,2968.86,3023.94,3028.26,2993.3,2958.12,2886.82,2861.96,2836.44,2901.24,2861.04,2877.96,2909.04,2907.04,2906.34,2917.94,NA
"317",26075010,NA,NA,NA,NA,NA,NA,NA,NA,NA,NA,NA,NA,NA,NA,NA,NA,372.88,2832.64,406.76,2967.54,2983.24,406.26,3006.44,2929.34,2865.86,2748.52,3034.14,2955.13,2884.56,2935.94,2926.82,3016.04,3148.86,NA
"318",26075040,NA,NA,NA,NA,NA,NA,NA,NA,NA,NA,NA,NA,NA,NA,NA,NA,386.98,2926.54,3080.74,3052.74,3037.44,3086.72,3088.44,3036.14,2986.76,2904.94,3137.74,3028.52,2993.66,3067.04,3060,3172.54,NA,NA
"319",26075050,NA,NA,NA,NA,NA,NA,NA,NA,NA,NA,NA,NA,NA,NA,NA,NA,374.46,248.26,NA,NA,262.92,1840.84,1716.06,2020.05,2472.41,2587.84,2575.98,2967.12,NA,NA,NA,NA,NA,NA
"320",26075080,NA,NA,NA,NA,NA,NA,NA,NA,NA,NA,NA,NA,NA,NA,NA,NA,369.58,2786.2,NA,408.76,NA,NA,NA,NA,NA,NA,NA,NA,NA,NA,NA,NA,NA,NA
"321",26075100,NA,NA,NA,NA,NA,NA,NA,NA,NA,NA,NA,NA,NA,NA,NA,NA,396.38,2942.75448275862,NA,NA,NA,NA,NA,NA,NA,NA,NA,NA,NA,NA,NA,NA,NA,NA
"322",26085120,NA,NA,NA,NA,NA,NA,NA,NA,NA,NA,NA,NA,NA,NA,NA,NA,359,2514.14,2621.78,2577.04,2314.04,2755.92,3196.6742364532,2486.76,2576.46,2696.09231527094,3160.4645320197,2819.24,NA,NA,NA,NA,NA,NA
"323",26095080,NA,NA,NA,NA,NA,NA,NA,NA,NA,NA,NA,NA,NA,NA,NA,NA,74.7985185185185,100.54,861.262719211823,933.503607006021,129.254074074074,103.66,75.28,790.667142857143,672.601379310345,556.073946360153,122.56,59.64,403.16,NA,97.42,762.68,810.432142857143,NA
"324",26095230,NA,NA,NA,NA,NA,NA,NA,NA,NA,NA,NA,NA,NA,NA,NA,NA,369.96,2693.02,408.96,2860.1,2839.84,2898.56179310345,372.54,NA,374.48,2672.46285714286,411.34,2862.38,2796.57333333333,2437.17134099617,2800.04,3052.44,436.695384615385,NA
"325",26105110,NA,NA,NA,NA,NA,NA,NA,NA,NA,NA,NA,NA,NA,NA,NA,NA,348,NA,NA,410.867692307692,2282.44,2417.04206896552,2057.11862068966,1364.44,3075.6,2869.94,3136.22,382.96,3020.26,3024.6,3068.68,3097.17,3290.76,NA
"326",26105140,NA,NA,NA,NA,NA,NA,NA,NA,NA,NA,NA,NA,NA,NA,NA,NA,24.9614814814815,270.02,55.38,440.04,420.920769230769,420.42,454.84,496.538461538461,404.892857142857,361.62091954023,606.64,596,NA,53.34,568.566305418719,576.04,644.06,NA
"327",26105150,NA,NA,NA,NA,NA,NA,NA,NA,NA,NA,NA,NA,NA,NA,NA,NA,363.98,2687.52,NA,NA,398.417037037037,2408.11785714286,1949.9,2322.47862068966,1838.76,2753.53692307692,2906.47862068966,2748.67326259947,2845.76952380952,2851.38115763547,2979.2908033346,2692.83907456528,2474.64578817734,NA
"328",26105160,NA,NA,NA,NA,NA,NA,NA,NA,NA,NA,NA,NA,NA,NA,NA,NA,388.68,2956.94,413.16,3054.64,391.98,2974.75357142857,385.66,2916.5,2127.58,2946.04,3045.58,2787.24,2296.88,2868.72,2675.9,2953.83,405.26,NA
"329",26105230,NA,NA,NA,NA,NA,NA,NA,NA,NA,NA,NA,NA,NA,NA,NA,NA,340.08,2505.33357142857,2682.2,2752.32,2571.26,2681.3,2741.58257252326,2639.69018062397,304.7,2512.9,NA,320.54,2610.38,2680.92,2646.28,2834.4,2856.64,NA
"330",26115040,NA,NA,NA,NA,NA,NA,NA,NA,NA,NA,NA,NA,NA,NA,NA,NA,407.38,2885.43538461538,NA,205.38,2814.04,2852.82,3141.5,3073.36,2988.6675862069,2956.31103448276,3107.85221674877,2994.85724137931,428.18,NA,419.08,NA,NA,NA
"331",26125060,NA,NA,NA,NA,NA,NA,NA,NA,NA,NA,NA,NA,NA,NA,NA,NA,321.38,2492.74,NA,371.06,2642.66,2672.44,2680.64,2639.02,2542.96,2439.82,2661.34,2615.14,2622.56,2672.74,2691.44,2765.54,2847.62,NA
"332",26125130,NA,NA,NA,NA,NA,NA,NA,NA,NA,NA,NA,NA,NA,NA,NA,NA,253.48,1874.21379310345,1906.59714285714,1884.70571428571,2055.85481481481,2150.12,1997.15793103448,221.56,1821.70079365079,1739.3475862069,1953.74,1949.91655172414,1890.46689655172,1946.62,1955.1,2006.14,1986.86222222222,NA
"333",26135040,NA,NA,NA,NA,NA,NA,NA,NA,NA,NA,NA,NA,NA,NA,NA,NA,313.08,2436.04,359.56,2629.54,2583.14,2623.14,2605.84,2564.34,2470.46,2381.74,2615.64,2518.34,2501.86,2548.74,2574.44,2659.92,2819.66,NA
"334",26135090,NA,NA,NA,NA,NA,NA,NA,NA,NA,NA,NA,NA,NA,NA,NA,NA,272.48,2061.10275862069,NA,NA,NA,NA,NA,NA,NA,NA,NA,NA,NA,NA,NA,NA,NA,NA
"335",26135100,NA,NA,NA,NA,NA,NA,NA,NA,NA,NA,NA,NA,NA,NA,NA,NA,400.28,2978.64,3116.44,3152.24,2971.18,3119.62,2804.16,NA,400.58,2896.42,3074.12,3030.32,2969.62,3069.62,3081.5,3236.34,NA,NA
"336",26135110,NA,NA,NA,NA,NA,NA,NA,NA,NA,NA,NA,NA,NA,NA,NA,NA,236.08,237.96,NA,270.26,NA,291.46,2116.96297082228,2017.22,1998.23655172414,232.56,1819.44,1774.52,1735.66,1758.72,1782.22,1845.28266666667,NA,NA
"337",26135140,NA,NA,NA,NA,NA,NA,NA,NA,NA,NA,NA,NA,NA,NA,NA,NA,-161.52,-847.091034482759,-775.14,-646.033103448276,NA,NA,NA,NA,NA,NA,NA,NA,NA,NA,NA,NA,NA,NA
"338",26135160,NA,NA,NA,NA,NA,NA,NA,NA,NA,NA,NA,NA,NA,NA,NA,NA,177.28,1418.57379310345,1545.00275862069,1523.85214285714,1532.75170041963,1585.58027586207,1589.74946949602,1484.48674603175,1186.3,1227.64,1569.04389162562,NA,NA,NA,NA,NA,NA,NA
"339",26145020,NA,NA,NA,NA,NA,NA,NA,NA,NA,NA,NA,NA,NA,NA,NA,NA,178.88,1395.38571428571,1564.84344827586,1559.26,1535.90428571429,198.74,172.18,1466.00706349206,1263.74,185.44,235.66,1674.12,1419.34,1520.74,1535.54,1570.92,248.58,NA
"340",26145030,NA,NA,NA,NA,NA,NA,NA,NA,NA,NA,NA,NA,NA,NA,NA,NA,236.56,1893.12,2041.44,2090.02,2025.18,2044.45384615385,2059.62,2010.9,1938.36,1850.04,2030.14,1964.94,1891.04,1949.92,NA,NA,334.58,NA
"341",26155110,NA,NA,NA,NA,NA,NA,NA,NA,NA,NA,NA,NA,NA,NA,NA,NA,181.28,1462.69428571429,NA,232.66,1623.16,1582.54071428571,1631.14,1617.14,1508.42,1401.54,1654.29777777778,1583.6,1529.76,1544.42,1573.74,1675.24,NA,NA
"342",26155150,NA,NA,NA,NA,NA,NA,NA,NA,NA,NA,NA,NA,NA,NA,NA,NA,-177.42,-1171.24214285714,NA,-138.94,-1000.32740740741,-864.866949602122,-978.18,-884.376923076923,-1106.50684729064,-1173.04285714286,-1016.58525177887,-160.0704,-993.112592592593,-644.150714285714,-1004.82551724138,-924.506428571429,NA,NA
"343",26155170,NA,NA,NA,NA,NA,NA,NA,NA,NA,NA,NA,NA,NA,NA,NA,NA,137.38,1167.74,NA,175.06,1264.36,1313.34,1378.34,1345.64,130.68,1075.14,1144.56,1139.94,NA,119.76,818.4,778.52,663.94,NA
"344",26175030,NA,NA,NA,NA,NA,NA,NA,NA,NA,NA,NA,NA,NA,NA,NA,NA,347.68,2647.04,2808.84,2815.54,2766.04,2777.14,2750.92,2712.14,2647.86,2559.84,2783.54,2748.54,2637.86,356.66,2733.54,2892.84,2994.76,NA
"345",26175040,NA,NA,NA,NA,NA,NA,NA,NA,NA,NA,NA,NA,NA,NA,NA,NA,NA,NA,NA,NA,NA,NA,NA,NA,NA,NA,NA,NA,NA,NA,NA,NA,NA,NA
"346",26185010,NA,NA,NA,NA,NA,NA,NA,NA,NA,NA,NA,NA,NA,NA,NA,NA,NA,NA,NA,NA,NA,NA,NA,NA,NA,NA,NA,NA,NA,NA,NA,NA,NA,NA
"347",26185020,NA,NA,NA,NA,NA,NA,NA,NA,NA,NA,NA,NA,NA,NA,NA,NA,NA,NA,NA,NA,NA,NA,NA,NA,NA,NA,NA,NA,NA,NA,NA,NA,NA,NA
"348",26185040,NA,NA,NA,NA,NA,NA,NA,NA,NA,NA,NA,NA,NA,NA,NA,NA,NA,NA,NA,NA,NA,NA,NA,NA,NA,NA,NA,NA,NA,NA,NA,NA,NA,NA
"349",26195020,NA,NA,NA,NA,NA,NA,NA,NA,NA,NA,NA,NA,NA,NA,NA,NA,NA,NA,NA,NA,NA,NA,NA,NA,NA,NA,NA,NA,NA,NA,NA,NA,NA,NA
"350",26195030,NA,NA,NA,NA,NA,NA,NA,NA,NA,NA,NA,NA,NA,NA,NA,NA,NA,NA,NA,NA,NA,NA,NA,NA,NA,NA,NA,NA,NA,NA,NA,NA,NA,NA
"351",26215010,NA,NA,NA,NA,NA,NA,NA,NA,NA,NA,NA,NA,NA,NA,NA,NA,NA,NA,NA,NA,NA,NA,NA,NA,NA,NA,NA,NA,NA,NA,NA,NA,NA,NA
"352",26215020,NA,NA,NA,NA,NA,NA,NA,NA,NA,NA,NA,NA,NA,NA,NA,NA,NA,NA,NA,NA,NA,NA,NA,NA,NA,NA,NA,NA,NA,NA,NA,NA,NA,NA
"353",26225030,NA,NA,NA,NA,NA,NA,NA,NA,NA,NA,NA,NA,NA,NA,NA,NA,NA,NA,NA,NA,NA,NA,NA,NA,NA,NA,NA,NA,NA,NA,NA,NA,NA,NA
"354",26225040,NA,NA,NA,NA,NA,NA,NA,NA,NA,NA,NA,NA,NA,NA,NA,NA,NA,NA,NA,NA,NA,NA,NA,NA,NA,NA,NA,NA,NA,NA,NA,NA,NA,NA
"355",26235030,NA,NA,NA,NA,NA,NA,NA,NA,NA,NA,NA,NA,NA,NA,NA,NA,NA,NA,NA,NA,NA,NA,NA,NA,NA,NA,NA,NA,NA,NA,NA,NA,NA,NA
"356",26245040,NA,NA,NA,NA,NA,NA,NA,NA,NA,NA,NA,NA,NA,NA,NA,NA,NA,NA,NA,NA,NA,NA,NA,NA,NA,NA,NA,NA,NA,NA,NA,NA,NA,NA
"357",26255020,NA,NA,NA,NA,NA,NA,NA,NA,NA,NA,NA,NA,NA,NA,NA,NA,NA,NA,NA,NA,NA,NA,NA,NA,NA,NA,NA,NA,NA,NA,NA,NA,NA,NA
"358",26255040,NA,NA,NA,NA,NA,NA,NA,NA,NA,NA,NA,NA,NA,NA,NA,NA,NA,NA,NA,NA,NA,NA,NA,NA,NA,NA,NA,NA,NA,NA,NA,NA,NA,NA
"359",27015070,NA,NA,NA,NA,NA,NA,NA,NA,NA,NA,NA,NA,NA,NA,NA,NA,NA,NA,NA,NA,NA,NA,NA,NA,NA,NA,NA,NA,NA,NA,NA,NA,NA,NA
"360",27015090,NA,NA,NA,NA,NA,NA,NA,NA,NA,NA,NA,NA,NA,NA,NA,NA,NA,NA,NA,NA,NA,NA,NA,NA,NA,NA,NA,NA,NA,NA,NA,NA,NA,NA
"361",27015110,NA,NA,NA,NA,NA,NA,NA,NA,NA,NA,NA,NA,NA,NA,NA,NA,NA,NA,NA,NA,NA,NA,NA,NA,NA,NA,NA,NA,NA,NA,NA,NA,NA,NA
"362",27015150,NA,NA,NA,NA,NA,NA,NA,NA,NA,NA,NA,NA,NA,NA,NA,NA,NA,NA,NA,NA,NA,NA,NA,NA,NA,NA,NA,NA,NA,NA,NA,NA,NA,NA
"363",27015190,NA,NA,NA,NA,NA,NA,NA,NA,NA,NA,NA,NA,NA,NA,NA,NA,NA,NA,NA,NA,NA,NA,NA,NA,NA,NA,NA,NA,NA,NA,NA,NA,NA,NA
"364",27015260,NA,NA,NA,NA,NA,NA,NA,NA,NA,NA,NA,NA,NA,NA,NA,NA,NA,NA,NA,NA,NA,NA,NA,NA,NA,NA,NA,NA,NA,NA,NA,NA,NA,NA
"365",27015270,NA,NA,NA,NA,NA,NA,NA,NA,NA,NA,NA,NA,NA,NA,NA,NA,NA,NA,NA,NA,NA,NA,NA,NA,NA,NA,NA,NA,NA,NA,NA,NA,NA,NA
"366",27025030,NA,NA,NA,NA,NA,NA,NA,NA,NA,NA,NA,NA,NA,NA,NA,NA,NA,NA,NA,NA,NA,NA,NA,NA,NA,NA,NA,NA,NA,NA,NA,NA,NA,NA
"367",27045020,NA,NA,NA,NA,NA,NA,NA,NA,NA,NA,NA,NA,NA,NA,NA,NA,NA,NA,NA,NA,NA,NA,NA,NA,NA,NA,NA,NA,NA,NA,NA,NA,NA,NA
"368",28015070,NA,NA,NA,NA,NA,NA,NA,NA,NA,NA,NA,NA,NA,NA,NA,NA,NA,NA,NA,NA,NA,NA,NA,NA,NA,NA,NA,NA,NA,NA,NA,NA,NA,NA
"369",28025020,NA,NA,NA,NA,NA,NA,NA,NA,NA,NA,NA,NA,NA,NA,NA,NA,NA,NA,NA,NA,NA,NA,NA,NA,NA,NA,NA,NA,NA,NA,NA,NA,NA,NA
"370",28025070,NA,NA,NA,NA,NA,NA,NA,NA,NA,NA,NA,NA,NA,NA,NA,NA,NA,NA,NA,NA,NA,NA,NA,NA,NA,NA,NA,NA,NA,NA,NA,NA,NA,NA
"371",28025080,NA,NA,NA,NA,NA,NA,NA,NA,NA,NA,NA,NA,NA,NA,NA,NA,NA,NA,NA,NA,NA,NA,NA,NA,NA,NA,NA,NA,NA,NA,NA,NA,NA,NA
"372",28025090,NA,NA,NA,NA,NA,NA,NA,NA,NA,NA,NA,NA,NA,NA,NA,NA,NA,NA,NA,NA,NA,NA,NA,NA,NA,NA,NA,NA,NA,NA,NA,NA,NA,NA
"373",28035010,NA,NA,NA,NA,NA,NA,NA,NA,NA,NA,NA,NA,NA,NA,NA,NA,NA,NA,NA,NA,NA,NA,NA,NA,NA,NA,NA,NA,NA,NA,NA,NA,NA,NA
"374",28035020,NA,NA,NA,NA,NA,NA,NA,NA,NA,NA,NA,NA,NA,NA,NA,NA,NA,NA,NA,NA,NA,NA,NA,NA,NA,NA,NA,NA,NA,NA,NA,NA,NA,NA
"375",28035030,NA,NA,NA,NA,NA,NA,NA,NA,NA,NA,NA,NA,NA,NA,NA,NA,NA,NA,NA,NA,NA,NA,NA,NA,NA,NA,NA,NA,NA,NA,NA,NA,NA,NA
"376",28035040,NA,NA,NA,NA,NA,NA,NA,NA,NA,NA,NA,NA,NA,NA,NA,NA,NA,NA,NA,NA,NA,NA,NA,NA,NA,NA,NA,NA,NA,NA,NA,NA,NA,NA
"377",28035070,NA,NA,NA,NA,NA,NA,NA,NA,NA,NA,NA,NA,NA,NA,NA,NA,NA,NA,NA,NA,NA,NA,NA,NA,NA,NA,NA,NA,NA,NA,NA,NA,NA,NA
"378",29015020,NA,NA,NA,NA,NA,NA,NA,NA,NA,NA,NA,NA,NA,NA,NA,NA,NA,NA,NA,NA,NA,NA,NA,NA,NA,NA,NA,NA,NA,NA,NA,NA,NA,NA
"379",29015030,NA,NA,NA,NA,NA,NA,NA,NA,NA,NA,NA,NA,NA,NA,NA,NA,NA,NA,NA,NA,NA,NA,NA,NA,NA,NA,NA,NA,NA,NA,NA,NA,NA,NA
"380",29035030,NA,NA,NA,NA,NA,NA,NA,NA,NA,NA,NA,NA,NA,NA,NA,NA,NA,NA,NA,NA,NA,NA,NA,NA,NA,NA,NA,NA,NA,NA,NA,NA,NA,NA
"381",29035040,NA,NA,NA,NA,NA,NA,NA,NA,NA,NA,NA,NA,NA,NA,NA,NA,NA,NA,NA,NA,NA,NA,NA,NA,NA,NA,NA,NA,NA,NA,NA,NA,NA,NA
"382",29035070,NA,NA,NA,NA,NA,NA,NA,NA,NA,NA,NA,NA,NA,NA,NA,NA,NA,NA,NA,NA,NA,NA,NA,NA,NA,NA,NA,NA,NA,NA,NA,NA,NA,NA
"383",29035080,NA,NA,NA,NA,NA,NA,NA,NA,NA,NA,NA,NA,NA,NA,NA,NA,NA,NA,NA,NA,NA,NA,NA,NA,NA,NA,NA,NA,NA,NA,NA,NA,NA,NA
"384",29035110,NA,NA,NA,NA,NA,NA,NA,NA,NA,NA,NA,NA,NA,NA,NA,NA,NA,NA,NA,NA,NA,NA,NA,NA,NA,NA,NA,NA,NA,NA,NA,NA,NA,NA
"385",29035120,NA,NA,NA,NA,NA,NA,NA,NA,NA,NA,NA,NA,NA,NA,NA,NA,NA,NA,NA,NA,NA,NA,NA,NA,NA,NA,NA,NA,NA,NA,NA,NA,NA,NA
"386",29035170,NA,NA,NA,NA,NA,NA,NA,NA,NA,NA,NA,NA,NA,NA,NA,NA,NA,NA,NA,NA,NA,NA,NA,NA,NA,NA,NA,NA,NA,NA,NA,NA,NA,NA
"387",29045020,NA,NA,NA,NA,NA,NA,NA,NA,NA,NA,NA,NA,NA,NA,NA,NA,NA,NA,NA,NA,NA,NA,NA,NA,NA,NA,NA,NA,NA,NA,NA,NA,NA,NA
"388",29045110,NA,NA,NA,NA,NA,NA,NA,NA,NA,NA,NA,NA,NA,NA,NA,NA,NA,NA,NA,NA,NA,NA,NA,NA,NA,NA,NA,NA,NA,NA,NA,NA,NA,NA
"389",29045120,NA,NA,NA,NA,NA,NA,NA,NA,NA,NA,NA,NA,NA,NA,NA,NA,NA,NA,NA,NA,NA,NA,NA,NA,NA,NA,NA,NA,NA,NA,NA,NA,NA,NA
"390",29065020,NA,NA,NA,NA,NA,NA,NA,NA,NA,NA,NA,NA,NA,NA,NA,NA,NA,NA,NA,NA,NA,NA,NA,NA,NA,NA,NA,NA,NA,NA,NA,NA,NA,NA
"391",29065030,NA,NA,NA,NA,NA,NA,NA,NA,NA,NA,NA,NA,NA,NA,NA,NA,NA,NA,NA,NA,NA,NA,NA,NA,NA,NA,NA,NA,NA,NA,NA,NA,NA,NA
"392",29065080,NA,NA,NA,NA,NA,NA,NA,NA,NA,NA,NA,NA,NA,NA,NA,NA,NA,NA,NA,NA,NA,NA,NA,NA,NA,NA,NA,NA,NA,NA,NA,NA,NA,NA
"393",31015010,NA,NA,NA,NA,NA,NA,NA,NA,NA,NA,NA,NA,NA,NA,NA,NA,NA,NA,NA,NA,NA,NA,NA,NA,NA,NA,NA,NA,NA,NA,NA,NA,NA,NA
"394",31095010,NA,NA,NA,NA,NA,NA,NA,NA,NA,NA,NA,NA,NA,NA,NA,NA,NA,NA,NA,NA,NA,NA,NA,NA,NA,NA,NA,NA,NA,NA,NA,NA,NA,NA
"395",32035010,NA,NA,NA,NA,NA,NA,NA,NA,NA,NA,NA,NA,NA,NA,NA,NA,NA,NA,NA,NA,NA,NA,NA,NA,NA,NA,NA,NA,NA,NA,NA,NA,NA,NA
"396",32035020,NA,NA,NA,NA,NA,NA,NA,NA,NA,NA,NA,NA,NA,NA,NA,NA,NA,NA,NA,NA,NA,NA,NA,NA,NA,NA,NA,NA,NA,NA,NA,NA,NA,NA
"397",32065010,NA,NA,NA,NA,NA,NA,NA,NA,NA,NA,NA,NA,NA,NA,NA,NA,NA,NA,NA,NA,NA,NA,NA,NA,NA,NA,NA,NA,NA,NA,NA,NA,NA,NA
"398",32075030,NA,NA,NA,NA,NA,NA,NA,NA,NA,NA,NA,NA,NA,NA,NA,NA,NA,NA,NA,NA,NA,NA,NA,NA,NA,NA,NA,NA,NA,NA,NA,NA,NA,NA
"399",32075040,NA,NA,NA,NA,NA,NA,NA,NA,NA,NA,NA,NA,NA,NA,NA,NA,NA,NA,NA,NA,NA,NA,NA,NA,NA,NA,NA,NA,NA,NA,NA,NA,NA,NA
"400",32075050,NA,NA,NA,NA,NA,NA,NA,NA,NA,NA,NA,NA,NA,NA,NA,NA,NA,NA,NA,NA,NA,NA,NA,NA,NA,NA,NA,NA,NA,NA,NA,NA,NA,NA
"401",32075060,NA,NA,NA,NA,NA,NA,NA,NA,NA,NA,NA,NA,NA,NA,NA,NA,NA,NA,NA,NA,NA,NA,NA,NA,NA,NA,NA,NA,NA,NA,NA,NA,NA,NA
"402",32075080,NA,NA,NA,NA,NA,NA,NA,NA,NA,NA,NA,NA,NA,NA,NA,NA,NA,NA,NA,NA,NA,NA,NA,NA,NA,NA,NA,NA,NA,NA,NA,NA,NA,NA
"403",32105070,NA,NA,NA,NA,NA,NA,NA,NA,NA,NA,NA,NA,NA,NA,NA,NA,NA,NA,NA,NA,NA,NA,NA,NA,NA,NA,NA,NA,NA,NA,NA,NA,NA,NA
"404",32155010,NA,NA,NA,NA,NA,NA,NA,NA,NA,NA,NA,NA,NA,NA,NA,NA,NA,NA,NA,NA,NA,NA,NA,NA,NA,NA,NA,NA,NA,NA,NA,NA,NA,NA
"405",33035010,NA,NA,NA,NA,NA,NA,NA,NA,NA,NA,NA,NA,NA,NA,NA,NA,NA,NA,NA,NA,NA,NA,NA,NA,NA,NA,NA,NA,NA,NA,NA,NA,NA,NA
"406",33055010,NA,NA,NA,NA,NA,NA,NA,NA,NA,NA,NA,NA,NA,NA,NA,NA,NA,NA,NA,NA,NA,NA,NA,NA,NA,NA,NA,NA,NA,NA,NA,NA,NA,NA
"407",34015010,NA,NA,NA,NA,NA,NA,NA,NA,NA,NA,NA,NA,NA,NA,NA,NA,NA,NA,NA,NA,NA,NA,NA,NA,NA,NA,NA,NA,NA,NA,NA,NA,NA,NA
"408",34035010,NA,NA,NA,NA,NA,NA,NA,NA,NA,NA,NA,NA,NA,NA,NA,NA,NA,NA,NA,NA,NA,NA,NA,NA,NA,NA,NA,NA,NA,NA,NA,NA,NA,NA
"409",34035020,NA,NA,NA,NA,NA,NA,NA,NA,NA,NA,NA,NA,NA,NA,NA,NA,NA,NA,NA,NA,NA,NA,NA,NA,NA,NA,NA,NA,NA,NA,NA,NA,NA,NA
"410",35015050,NA,NA,NA,NA,NA,NA,NA,NA,NA,NA,NA,NA,NA,NA,NA,NA,NA,NA,NA,NA,NA,NA,NA,NA,NA,NA,NA,NA,NA,NA,NA,NA,NA,NA
